GR FOU,R5305913
BR CCZ,R363198
DE TTT,R943549
IT VIG,R43696
US ZJE,R4696109
BR PBT,R298068
FR H5T,R2828719
NL LYG,R1492407
AU PMG,R11689394
EE HRJ,R353325
US LEM,R195020
US IAO,R8417880
RS HGO,N291980497
DE A93,R10628514
SK NBA,R2257545
GB OHL,R6648853
US GUQ,R127484
AU BUT,R9099547
US ZYY,R135116
FR IOK,R149107
US V8X,R141328
GR FIS,N1587388041
FR QTV,R2697286
FR B9V,R906423
DE ARG,R941761
FR MEA,R86609
DK VLL,W667442911
FR CN6,R9082114
BR LED,R6212157
AU TUM,R5999014
PL GRO,R2996572
BR JUA,R333666
FR GGU,R295103
ES PGO,R340458
NL SRE,R2712110
FR UJL,R123284
GT ESC,R4469376
BR LDS,R296735
CA GRE,N267799308
DE HN5,N26636528
CZ JTV,R440639
NG MDI,R3716090
BR QTA,R297905
FR FCY,R109290
BR AFH,R332900
PT ILH,R5325848
CR SMD,R5695704
SK BAK,R2206756
DK GES,W28381045
ID LOL,N1271851772
FI UUK,N7700722231
DE SZQ,R2547556
FR AXW,R104760
FR MTG,R37026
DE AA3,R3688824
US UKT,R188512
DE WWS,R1310639
US A2V,R125871
SE SLI,N27150429
CZ BZN,R437538
GB NWY,N29457403
GB WTH,R6993507
FR VOO,R1601348
US WBA,R137537
BE DBK,R4012643
US OIU,R128609
SE HHT,N288598772
US EOS,R6705784
IT AEM,R45773
PE PUB,N10274432439
PH STR,N5328627321
CN JIN,N4460114689
ES ZTZ,R339949
BE RMI,R2102840
US DNK,R193958
HU OKF,R1452463
DE BQX,R114083
US GJE,R251409
MY BSD,R11989705
AU SMV,R2439535
US QVW,R123137
ES CCH,R346959
US ILJ,R6595942
MX MXL,N213601095
FR ICS,R76227
US LFP,R189045
BR NIP,R298515
AT HAU,R105781
US SB2,R188408
JP KOX,R4082559
US CPU,R188526
HU BES,R1026148
FR ZJE,R3357537
DE DTA,R2457057
GB NGG,N1608390854
US TYM,R134539
US GPK,R2947138
CZ ZIZ,R440997
FR NGD,R909474
FR QUS,R339096
US VPE,R141074
FR TOG,R59551
US JTH,N158638072
FR VCL,R1404340
BR TIU,R303839
IT S2Z,R2184851
FR 4AV,R2698752
HU ULL,R1385397
AT FRN,R102913
US 6SD,R1839565
IT GUE,R43551
NL BRC,R1450288
BR ABB,R296665
PY KTT,R6613492
JP ECZ,R4799780
BE HRP,N1404376579
US 4RK,N158284140
IE COA,R6141146
DE JOR,R2420743
FR TNK,R1003301
US BXO,R179833
US NVB,R127409
FR PGB,R123779
DE 58T,R423150
US BUR,R3529574
DE WFA,R1268933
IT CMT,R46261
US W3D,R128411
ID TNJ,R10660352
FR LU6,R162559
ES BDZ,R341681
PL KTY,R2763101
NL WMH,R2726646
PH SIL,R1491095
CA UPT,R7932245
BR PBV,R3059133
US JNQ,R1844189
FR SYQ,R2965051
GB TRR,R10989961
IT ZFK,R44702
SI TRB,W877053547
DE ECP,N240097176
US M3L,R135084
FR AB2,R164211
FR EDG,R410479
US CN4,R238659
CA CYE,N9975662977
DE SDJ,R1016506
FI ECK,R2587484
US TEV,R135227
GB JOG,N1857046142
CZ CTR,R441216
CA KEA,N51970187
DE PID,R941790
GR GAJ,N280844778
IT VNC,N34162574
MY KBA,N2757699070
FR NHM,R69061
DE ZIC,R417706
ES SEU,N263725313
FR LP6,R1112950
BG BCP,N273817605
BE THG,N725298284
CH WLG,R1684468
VN HLG,R7133707
FR UB7,R164406
US LV9,R183477
US SVN,R179919
IT MDU,R41333
AU CBU,R6056415
US BN9,R127727
US JSA,R8545669
CH RFD,R1684403
NO EID,N10210298619
FR LIU,R3251334
AU NBQ,R11689622
US DHW,R137601
PT PSV,R6523767
DE AMZ,R2156163
US IDP,R129910
GB ESG,N29347872
BR PPZ,R332928
CH HEI,R1683892
JP KTB,R357247
AU CRL,R11689992
NO SLH,N9668455199
MR AJJ,N1505634228
US SDU,R6595949
IT PEP,N847670587
IT TMA,R46870
BR CAI,R314773
AT BKL,R947911
DO TDR,N252995416
US M6I,R139804
AU RYD,R5639573
ES CUR,R344570
DE HBQ,R2714343
FR B3C,R118217
FR AOE,R126307
US 7MG,R8889974
VE GUQ,R9822993
DE ZHQ,R964615
ES LEK,R339944
LR GRC,N3054906658
US A22,R188663
AT RWL,N29745217
US INF,R6603699
DE PLH,R405308
NO BUV,N227348274
US AVI,N151615294
RU SHN,R12418714
US TO3,W33166697
CA RSW,R14650437
US RDJ,R182220
DE EWZ,N1208021395
US M7G,R13569638
ES CLN,R339522
CA PIF,N1994845155
BA KDJ,N2639334996
IT ZIB,R42386
IN IXJ,N1685767121
US TVF,R137676
DE XR9,N148642505
BR IVR,R242328
FR LBZ,R1140201
IT RAI,R44083
US JKG,R119690
AU NSS,R7380210
BR NER,R315176
PL JWS,R3019954
FR PZA,R374359
US EV3,R175004
AT TYN,N240080130
US M7S,N154070396
BR BSC,R315412
PA CUR,R11382004
VE PDM,R14384063
ES RBS,R342192
CO ACM,R1335190
HR MAG,N458406006
DE VLT,R1310082
GB AFY,N4824736425
AU RDS,R2073112
US PPW,R135136
BE QPD,R3875455
CN XJD,N5263511343
ES MLN,N289031151
FR 9DO,R2757993
US C7P,R110208
BR AMH,R298508
FR UAC,R1206076
DE HH6,R2405131
NO ARS,N1591232810
FR VVE,R233380
US 7UT,R198764
PT GDA,R2403607
PT PEM,R6938705
AT WON,R49522
BR CLZ,R333631
BS SML,N821908439
AU DAL,R6074515
KI MZK,R3830773
NO SST,N726073982
DK HJN,N8594315136
FR YNE,R29188
MY SGL,N611548421
JP ONG,R4154484
CN HUM,R10685876
DE 73E,R1156032
RU PDY,W49286002
CN DTG,N3450479965
GB BSL,R1404810
FR NSD,R161275
FR LN4,R1969259
GB FTW,R2989720
US VCV,R111840
CA FWI,N499186817
PL SWO,N692611904
AU GRW,R5503162
NE MFQ,N277875981
FR JVI,R28727
IT ZMP,R39928
US LAR,R252311
IT LVB,R42758
DE RB3,R14295359
FR LRC,R178338
DE BO6,R1451607
FR FAB,R3347851
FR VYE,R89562
NO KVN,R407748
ES TAA,R347999
BR JTV,R301403
US RHV,N154042040
PA LGE,R11025613
FR JGU,R165282
FR PJB,R135889
US WV5,N158861684
CH GEB,R1684315
CA MHN,R7998291
GR ANS,N251028395
AR VCN,R4061094
CL MLL,R1798790
NL BEL,R300674
DE WPS,N271887763
NL HSK,R334644
US 3MG,R131975
MU ABN,R15314817
US RNS,N158579060
BR BGC,R296705
NI LPC,R5722999
AT KN8,N240051793
NZ NPL,N60024508
DE ZHX,R1177827
US CNM,R171102
US 7VM,R129240
CR UTA,N377777907
NL VOB,R444355
BE MOM,R1604416
US STN,R170479
DE SZC,R2407639
US TKW,R125972
DE NXN,R1168897
US CQA,R9945683
ES NIL,R343540
BE APE,R2147712
US DTJ,R2886323
FR JYV,R2618589
GB PWT,R3944222
AU TIV,R11692512
IT GCS,N4431492600
CZ OLD,R439334
IT LPG,R6004624
GR NPA,N239337167
CZ MDY,R424367
DE SL4,R533593
LT KYB,R2659684
GB BKA,N539583427
NZ WKW,N973547815
AU EYM,R6039391
IT V9B,R41103
FR EEU,R74586
AU HTE,R2384340
BR TRE,R334045
DE GET,R325771
CZ TUR,R439028
BR PBE,R334557
BR PYA,R302631
PE HUY,R1953263
PA BDC,R11309290
US MBD,R117157
TR CCY,R1263743
PL BEL,R2470074
ES MPC,R1909134
KR MOK,R7812645
US BEN,N158452152
US GPE,N158566272
FR YCP,R1213768
US 8IL,R12200057
US GWV,N154333894
GR SPT,R2080006
AO NGV,N331392785
CN ZUT,R9284484
AU CGV,R11690220
CH NDU,R1682573
DE SWA,R172208
HU NDO,R1447719
GB UUS,R1875321
GB YKE,N960726005
US XFB,R132811
FR UBV,R3003854
IT SEU,R46471
FR MMP,R2611538
US LOY,R182392
EE SLN,R350737
CN XUN,N2176924014
DE SYL,R1075992
BR CBG,R315196
SK SYC,R2218858
LT EZS,R3093860
TH NPM,N1564681078
US WTO,R186204
GB OKL,R3811469
ZA WNB,R2047366
AU TON,R6076760
FI NKK,R2506785
PL MCW,R2965665
US LXL,N151428270
CA CDM,R2221793
US VLS,R9226579
DE HGT,R453344
BR BTL,R332827
DE RTX,R1171850
US ZZS,R125668
FR B32,R127009
FR AT8,R1482601
CL PEU,R1556987
AU ACD,R5994041
NL NFK,R1451170
CA FRG,N235572766
AT RUZ,R80177
US RSH,W32976337
US PLR,R110147
PG CVB,N7417606269
NO BNE,R6496065
HU KRK,R1368003
NO HRO,R408217
US WOD,R141784
DE 54C,R158720
US CBR,R137642
ZA ZAH,N5473812347
US IRS,R10160029
NL HKM,N3805730045
US UXK,R251392
CN HIN,R4590545
MG AMS,R3720836
AU LNH,R11716386
BR RIF,R302646
AT BKA,N5398331367
US MUP,R124735
FR 2DF,R144950
DE 6SW,R935736
RU PSH,R3407206
BR LNA,R314912
US KAS,R130055
GB GLS,N26680363
AR SA2,R4112693
GB BSR,R3948353
US UIV,N153560301
US ZLM,R198757
IT CUA,R41076
AU FOD,R6037054
DE CUL,R1421436
DK SKD,W217492885
US HZJ,N158825568
IT OGC,R44600
US QNB,N157572928
BE BLD,R3479852
HR MIL,R8777997
US ZMT,R6595924
AU BUO,R6821000
FR DRC,R1154553
DE LYY,R1269725
US KUP,N157631948
DE ZCD,R452212
FR BA3,R86745
DE WLQ,R445262
US LQW,N150981137
RW BGA,R1708679
DE EOZ,R2778359
FR BLA,R1285426
ES FIG,R344956
MX STU,N459391782
ES VB3,R344335
DE HUJ,R2408335
US 8AN,R142638
GB ABW,N29227183
GB OHI,N3690390049
CZ OLV,R439540
US WY5,R127635
CA SIM,R11873177
SI OTO,N57075060
BE FER,N733675464
US BLL,R139872
FR LYA,R191483
FR 8TM,R153847
DE B69,R548563
FR BCF,R124636
US FLS,N154354060
FR EUM,R126419
CA EYL,N1368552914
CO EES,R1344193
FR AHU,R56145
BR FSL,R296504
MA 8FT,R2523590
CA BAC,R11890344
GB RHY,R11296207
US FKM,R1606807
GB HGN,R2848814
DE ACE,R548033
IT ZCF,R39338
KR MAS,R7224481
GB JGR,R8371179
FR L9O,R3003817
US PA6,N158352823
CL HUL,N214194089
DK HSS,W478142810
MX MRS,N2277869045
TR TRE,R1841226
IN UMA,W119157212
CN SQH,R7697594
US LOH,N150936411
IR KNR,N4033612861
FR EYU,R73940
FR SL8,R130983
IT MVH,R42469
GB KIR,R8436316
SE RVK,R300964
FR BAT,R1419811
CA YQW,R9628682
US ZER,N158840487
DE TTL,R1138618
ES LA7,R341124
IL RNP,R13881610
FR ESV,R76660
US D3X,R129850
FR BCJ,R18363
RO PDR,R9628658
FR S2C,R271713
DE ZBW,R1384831
ES ZDT,N391525924
BE IZE,R2239346
AU GLS,R6467853
SE FAN,R300963
US KLG,W32975281
US KBT,R137316
CZ SPJ,R438975
US 9WT,R185237
NO BTH,N1675723919
IT RM5,R42926
CZ BNT,R441193
BE HKN,R961207
FR VAF,R37586
BR JPT,R303869
AF BIN,N830011080
IT BSN,R6600572
DK SKY,R373918
US AOG,R186654
FR A4D,R1074068
CH MIT,N32863358
ZA ZBB,N262719728
BR SMX,R315165
US PFN,R118841
SK CNB,R2205551
GR KRL,R3004545
DK TUR,N9911024054
FR MGZ,R147383
RO TAR,R10694366
BR CMX,R297559
FR OAR,R2809451
DE LHP,R1416813
PG YEN,N10801918460
CA CLI,N497578909
US WBQ,N150919091
RO ATI,R11318851
AT PWE,R64792
FR VIM,R90080
TR SCN,N2352111108
HU SBK,R1323438
NL GOI,R299322
ES M8R,R344011
FR PVX,R138958
AR ROY,R9340524
US UIS,N141045880
US BWA,R110835
SE STU,N1377167929
UZ SYA,W350579149
ES SN6,R344957
US PTI,R141058
FI UHI,N857204726
NO SRD,N7102014925
US ABH,R134532
BE FCA,N5864568746
IT IMT,R43581
US ECE,R182726
IT MUA,R45311
BR RIO,R2697338
DE LHH,R535015
CN YYA,N244082752
FR ARD,R185524
SK MHV,R2217855
TG ANE,N4450437999
US EIE,R140878
US A8B,R12196413
SR NAM,N281552634
FR UAG,R86239
IL MEN,N278476342
IT OLE,R45395
FR 7UY,R102923
US TQM,R126264
BR BWW,R297591
PA VEL,R8493057
IS HRI,N244149870
JP SEE,R359251
IT FFR,N2349658888
RS ADA,N347730664
BR YPS,R336815
PL BED,R2910205
BE OSH,R3895750
IT VL2,R45520
US S44,R186571
BR SSZ,R298442
DE PMD,R962203
CH VA5,R1684202
IL GAT,N278476403
MX MSC,N458606854
FR BID,R167719
PL DWI,R2991462
US DHH,R186225
PL KNI,R2816836
NO ABE,W55956241
CO GAR,R1315411
GB NTY,R4561728
DE HSX,N28782013
BE HLL,R3422435
DE DR7,R280541
ID PRB,N1308641741
DE BZM,R964471
CN CXI,R2727332
BR BZI,R297530
TR ECE,R1815219
US RPA,N153769939
TH PBR,N1215081280
US ZAO,N151395707
AT TUE,R965588
PT SVT,N3781280931
IT GTF,R41530
BR VOT,R298439
BR JMI,R303773
US ZT8,R181592
FR L75,R2101739
TR YEH,R1812356
DE OSO,R416472
BR IRQ,R362536
US LUE,R112284
US M7N,R251874
US CC6,R139814
US HQH,N150958676
RU VSK,W49688999
AU MT9,R3327545
PL RAC,R295872
FR SOK,R2944305
PL SKB,R5118958
PL PRW,R1561925
FI RUI,R1670949
TR KTS,N2311371311
BR MPN,R303659
BE BON,R391113
BR SEQ,R297989
US DIH,R130090
PA LJA,N9950033475
PL REL,R2979012
US HXI,R6584709
CA BLL,R7903227
RS DES,N249459683
FR VGU,R276567
US NXU,N158802637
DK TNO,N2926199586
US AXB,R176006
US VPI,R184241
NL AMN,R2714150
FR MPF,R1004089
FR AAL,N392389047
AT ERR,R105542
PL KKE,R2811295
AU 3CI,R11692726
FR RUZ,R1179330
BR UBT,R298203
CA PIW,N1457896683
BE HRS,R2399230
FR LI3,R3011643
CA CLB,R5878396
FR NJS,R1170014
FR 2SN,R106449
OM RMB,N2351844499
CZ PUA,R441888
FR YRB,R166753
NL ZIE,R2713027
HR DMH,R12108329
GB TNW,R3252406
GB AR9,N98844669
CA LGL,R6580038
GB POF,N331203
FR XD3,R7868032
SE NOE,R397159
DE BOC,N423363586
ES TYR,R345206
US ARD,R119926
US FDK,R133229
GB COV,N29285196
IT GO3,N1521164256
US FMY,R118879
US RNX,N150965352
DE W8B,R1240403
BE KHN,R960962
MX XER,N448081501
RU NFK,R15260221
DK ASS,N26559177
BR JCZ,R298260
US WJR,R8077366
US PYT,R111842
FR ET7,R2166676
IT SMA,R41734
GB DWM,R1609349
FR CUE,R969748
CH WYG,R1682733
ES CCC,R341541
SE KGR,R935537
GB DYC,N21499746
DE EMS,R1075656
CA BYR,R2830024
CZ KEN,R437892
IT GRU,R40901
IT EGV,R42180
BR UOA,R302614
ZW MPK,N4401398822
IT ZZY,R41348
DE KAB,R2783738
US QVA,R3567262
IT BLT,R41200
US PAW,R191212
US NJO,R128593
DE HEH,R959842
BR CGZ,R2211795
BR SYD,R334508
US K3S,R130108
NL OBG,R2714651
US W8K,R130836
AT ZEZ,R80186
FR ORC,R56906
FR AHG,R252613
IT GVR,R46034
DE BYN,R3968965
US ULD,N153741752
CH CTY,R1682416
BY SCH,R6722486
RU MMO,N1866695267
US ZNE,R188283
FR MO3,R272377
NG KTU,N501496490
FR SRM,R129472
US 3QW,N150937032
BR BOO,R303737
FR RUA,R107527
DE HHX,R422874
LU HOW,N69622002
US ZKB,N5914706279
CA ISL,N1945142562
CR VER,N1682458835
IT LCS,R44348
US STD,R6586821
US BOA,N153396979
GB ADL,R6994100
US SQU,R113376
FR PC6,R1209823
DE KZC,R2802283
MY SRB,N422445949
NL VAA,R1505774
CA NVL,R14510570
TR MRT,N6323421468
CO SRO,N703233692
AU FOT,R6059034
DE MRE,R417023
US TVS,N158866445
IT SXD,R45456
BR MHP,R302797
PH ORI,R15311310
FR PFR,R301830
ES LMQ,R346449
DE HSY,N288206927
FR GRG,R105268
IL DAR,N278477765
IT LUS,R44173
FR VHF,R168233
FR WGE,R1948935
NG OWE,N2469246094
IT MO4,R43942
US W4R,R963376
PT FUA,R5240988
BN MUA,R8731579
CA BYE,N3164040444
FR LLW,R2836787
FR QBU,R1734864
US HZW,R139992
CA SLI,R7927125
RO GEI,R14772856
IT CMK,R46612
LT AUK,R5537796
DE OHS,R936947
BR CNH,R362392
GB SWE,R5649579
BR RSI,R336742
IN JLW,N245724484
FR STN,R945108
IT ANO,R40396
US EXT,R2635907
PL PSO,R6880247
LK BUT,N1796923177
US PA2,R111762
US ZLW,R1181611
BR BZO,R242514
RO CLJ,R3277038
FR PAO,R104631
US BPT,R8464621
US RML,R127407
IT TRK,R42101
CH RRC,R1683927
US LM7,R198872
GH MAD,N4509337287
US OV5,R188566
US WXE,N151445606
GB PLA,R1396363
JP TOR,R2682898
PL TWN,R6991784
IT ADI,R41382
DE LIW,R1302373
UY CAN,R2574897
SK ZKL,R2187790
ES SVL,R345486
IT AIR,R45581
GB NTH,R1434599
NL HRA,R1411764
GB CLM,N9051076868
BE BSO,R11351248
US GWA,R237820
US ERZ,R125740
BE SHR,R9428920
IT FSN,R42934
NL HNZ,R2715230
US VWH,R189000
ES A5D,R344029
CZ CTC,R438775
GB HOW,R5537362
BG BEL,R1978203
CN LWS,R5676439
GB LDC,R5899357
DE 67G,R176741
RS ZZP,R2870055
BE BFE,N665093211
US AWJ,R3508474
AU TQY,R11676260
FI MUL,R1702329
SK ROZ,R2381123
PL OKM,R5899231
US PAJ,R8542088
US CFK,R128530
SK 4PB,R2261479
BR MRH,R332836
GB PCD,N29233699
US QUN,R184309
FR MGG,R2066304
BE SHE,R3390751
FR ACB,R1643455
SE RBY,N2292029065
US WFV,R4139897
BR VNO,R315150
FR TAC,R2919649
TR HAR,N7865255307
FR UZS,R173370
ES PSC,R341866
IT TTG,R40777
FR LJH,R318969
HR KOV,R8448027
US POZ,R119868
US BJH,R206957
AT TUL,R109865
DZ BLJ,R4224144
DE JHF,R3719424
FR LV8,R123379
DE ERX,R2252113
BE SHO,R4476347
BR PPN,R297667
IT PCO,N459386149
IT NAR,R42016
US 8HI,R366467
PA AGD,N976337944
AU PKV,R2383234
IL ABB,W610907341
BR SZA,R332812
NO TRR,N305721476
GB ARS,N401533696
US KVA,R238750
FR P2A,R148800
DE HVF,R138195
ES FDP,R347717
AR PML,R9417526
IT LUC,R41284
CH VCC,R1685133
BR MCB,R303860
FR QAV,R123659
IT BTO,R40976
GB LOU,N10021975
GB AVC,N26575640
US UGL,N158815087
VN QUT,R7047500
