GB WSY,R3410626
US E9D,N151460033
UA ZUM,N337688673
US YBC,N158826876
ES M8M,N288260862
US GQR,R13778049
ES VBV,R347878
PL WWE,R2930813
ES GOM,R340505
US VMC,R188439
FR ROJ,R444262
ES RCI,R345145
RU PZK,R1547522
ES ACD,R344124
TD 2GR,N322044775
GB ING,R1316408
BR ATZ,R362239
FR 2MR,R154457
US O8K,R184801
GB LAG,R2877794
BR CPS,R298227
DE 38B,N965275435
CA ONO,R7480370
BR LDC,R303692
GB UHA,N245540456
DE DPK,R357015
CO AQA,W505682731
IT PTJ,R39486
EE LEP,R351337
FR ANZ,R53397
FI THK,N3154145859
DK SVG,N1242017995
IN NHV,N9870870335
HU AEW,R1360007
PT ERS,R6445135
PL LND,R2450391
NL OTR,R1492058
BR JRL,R296566
MR FGD,W31678811
IT CSX,R40951
UA SVP,R3030976
BA KAJ,N78546824
NL REN,R2728470
HU VAS,R1356665
CA TNY,R7476932
AT GRL,R111804
US TRK,R1216848
US AXK,R10810883
PG SXA,N8586991960
FR ETA,R453031
FR M75,R3161242
ZA WGD,R2075451
FR V6L,R940577
US XOF,R5987722
US TFL,R1839158
BR LLI,R298020
DE WGD,N277969380
CZ DBZ,R442140
NL APE,R417457
DE GKI,R157489
MG WMV,N2054874010
NO HLB,N414725061
FR JUM,R106396
US TQH,R179828
US KI3,N151389333
FR NUN,R301871
FR USC,R572351
DE RCK,R155638
ES VIV,R341077
US D9D,R5644318
CH SFL,R1684423
NL EXZ,N47861217
SE SKU,R935437
US DXG,W497482827
GB SWG,R5121530
DK STE,N26559163
FR 6VS,R144596
GB ABD,R8635383
PL DBK,R10872262
US CU4,N153706822
US QBH,R2045555
CN WIG,N7120651342
GB KGO,R5552731
FR PQE,R536176
MX ADH,N448081509
FR DYH,R104370
CO GHN,R1453518
US VBR,R199040
BE KOU,R3372345
IM OHN,R1061142
DE GDK,R1184874
BR JLI,R297838
SE AGU,N369699595
US MZT,R11065547
US ELB,R119921
CZ JEC,R430038
FR SSK,R61051
DE BUS,R400934
DK DRA,R2192257
NZ TRY,N2933632223
BR FLD,R297471
IT FGO,N1440425730
BR RNL,R298193
CN LGU,N2958388576
BR IGJ,R242498
FR OSL,R138388
SK HRN,R2203974
US TKK,R188579
GE ZAJ,W30594351
FR QCB,R105918
AT MHF,R305136
PH CDO,N198497211
US TZY,N158246109
BR RRO,R332918
GB SNO,R946751
DE MZH,R163310
FR MZV,R2965769
CO ARE,R1326220
US BLG,R3542118
US JCT,R115263
US PF3,R8903549
AU CXE,R5707584
IT FSA,N2643968874
IT GGN,R46625
GB TIL,R3306623
BD FNI,N1599654460
GB LOR,N243406315
GB BND,R4624780
GB AFR,R5995278
BR BBE,R301440
US CSD,R170592
US GGW,N158575076
GB EDE,R2298898
RU NVK,R1281563
HR HPG,N457271122
US JOR,R112972
DE HU4,R454865
CZ HRB,R438604
DE 56H,R1465817
US WXP,N158350865
BR GGA,R362191
SA SAY,N1013645811
CA YNH,R2225792
PT GHE,R6021273
BR GIT,R334554
DE WU2,N59436476
BE ALB,R961248
CO BLO,N3306812051
BR SCT,R242473
US SUD,R184082
DE AGN,R1184562
PL KNL,R3136404
IT VSR,R2662916
NL OLK,R2695579
US BS3,R195919
US IBS,N158655316
ES UNA,R345393
FI IIS,R2522178
DE LIA,N2199212193
AU DJR,R11676725
ES VPO,R342026
GB KHC,R6724170
IT CKA,R43553
DE KSR,N76002760
GB HKS,N29950755
GR SGB,N283559164
US FWH,R127594
US WG3,R6571693
ES AR8,R341767
CZ BLV,R437512
RU ZZO,R3348901
DE PGN,R933964
DE KFD,R423149
US NN3,R183917
FR QPT,R342458
US YRH,R188861
FR CZE,R2086237
NL WSO,R2715241
SK KNT,R2183282
FR VSZ,R86328
US BXR,R197260
IE NEX,R3312944
SE LNG,N124376030
DE 3L4,R1332913
AU CFH,R6204050
SA ABQ,N348286415
IT ROR,N2824962447
ES AD2,R348177
BE GIT,R1333997
US PK4,N158227892
DE ZFL,R1244160
AU CBI,R10565259
FR BH8,R2937792
FR MRM,R2764549
US SSJ,N150937155
AU COG,R6039472
GH ASB,N4834904424
US YHF,N154288670
RU BIY,R1437129
FR AST,R2165527
FR R9T,R1465131
US FVP,R2067670
DE HVB,R157765
AT ORI,R86758
DE 74R,R1168903
DE TFL,R422847
US D5F,R176026
BE WLM,R3369539
PG WNU,N9682955800
US PSD,R3529725
NO RET,R409032
US TK8,R129731
RO MGH,N460205547
BR SSP,R314725
FR GRZ,R111084
DE GT3,R1258884
US SI7,N150950665
US D2P,N154047246
FR SEM,R136382
FR LQM,R1811320
US YK9,N158851951
FR AGQ,R1771441
MX TZM,R6267827
US ZE8,N153895832
US RL6,N157588379
TJ DYU,R7328360
MX JJT,N472260357
NO NOR,R407747
US HZQ,R3158315
CD MGH,N1157860949
FR VNK,R160852
US TAC,N141033637
RS SZB,N1073502821
FI ZXQ,N1255401869
US GCV,R1216710
US CKC,R13650977
GB HOE,R2852167
FR QOR,R3334063
IT BEX,N69300296
US WCU,R139805
AT TSN,R110535
IT PZ2,N347123635
NL RSW,R1879808
IT AQR,R44445
DE KD9,R1427691
US ZNV,R111443
PT VLC,R5989555
IT ELO,R43571
MX VDG,N7256115892
BR BNA,R298081
US FIM,R112576
GB SKN,N262809242
KP CHO,R8400380
US TZH,R3263293
TR GUM,N2396075784
IR QUM,R8066775
DE HOQ,R62589
NL AVE,R161933
BR STJ,R298484
QA ASN,W488309921
CZ NIC,R432151
JP JOY,R358611
PT CEO,R6022221
SK SZV,R2187800
BR KST,R315089
ES MTY,R342885
US IGP,R14080913
ES SVM,R346440
FR C5T,R108417
US LQM,R3987159
NO STG,R408208
IT PFR,R41886
US GQZ,R237675
US COC,R2530671
FR RHC,R374713
US QAQ,R141275
DE KTZ,R447193
ES SJG,N315332244
US HPE,R6586817
US IDR,R13654170
FR EAJ,R2259899
PE BAR,R1944800
US 9UB,R130604
US AN6,N295523921
US IEP,N150950420
CZ PVY,R438917
FR FOG,R2374126
CN JMN,R3463901
FR DJU,R79433
SE BLL,R935565
AR ZAG,N6165375577
ES MEA,R2105705
FR MQR,R148352
CZ TMS,R439762
BR SBV,R298438
US EHZ,R187248
NL ESL,R2714083
US CP7,R169375
TR YBS,R9437993
DK AAB,R1928466
JP TKY,W935108321
US W54,R188267
GB OKK,N5517591115
DE EAR,N1628543096
SE BSP,N1702563596
ES ADY,R340328
CH UTS,R1682700
DE NUD,R306684
SK KRV,R2265507
PT MAR,N6181811655
UA KTP,R2822403
CZ SAZ,R442544
BR BLI,R362332
GB RSW,R2715718
DE GOL,R1389402
NL WIE,R2655705
MX CAO,N641211669
US AV7,N151430412
FR NZB,R152514
NL RAV,R1879810
MY KKH,N254072926
MY SDM,N2900294388
IT FZO,R46704
RO BRV,R10367676
FR BS9,R1404095
US RSJ,N150959742
SE SMN,R935479
US WG5,R12026253
CM EBW,R3828186
SV SAL,R6462027
TN DJE,R5710705
CH MUZ,R1684726
US VNB,R179746
IT SM8,N1426435162
ES LNO,R340156
NO MGR,N385666626
US JAP,R127770
AU BWB,R11690193
SK JSV,R2218563
US 4CI,R129121
BR SSV,R298044
FR 7MN,R402280
AT ROS,N240056587
AT PUC,R52170
US QME,R7149270
SV SBT,N444921474
BG DEV,R1974010
DE STL,R26225
SA HOF,N208501048
RO SMS,W74663598
FR SYY,R179475
DE FLU,R1059451
GB BWE,N373846713
FR D7V,R3023079
US WIO,R361314
BR EAS,R303765
DE LEF,R14646513
US DXE,R140873
DE FLG,R1286647
GB YKJ,R9287908
GR KKM,N303650032
US QJE,R188879
IT CCJ,R43410
FI ATS,N30969846
CL CAT,R113227
GB BYP,R4275267
US BCB,R206542
US WRP,N158560320
US ZIQ,N158445173
AT ZAE,R35088
US SR7,R251440
NO KLP,R405655
ES CR3,R346057
US 8PO,R12161183
AU BBG,N3825527006
GB ELG,N26513878
CZ HLB,R438820
US YRR,R9201920
US MJK,R5193369
NL COE,R1380320
CO SRQ,N703271699
ES ZAL,R344369
PL ZBN,R2859430
US WTA,R13262749
PL LIN,R1569316
DE EBE,R2792717
GB LZD,N1977845194
US S9Y,N154101788
SK MV4,R2218904
US UGO,R182593
RO TUC,N447920790
US RXD,R7539761
IN VPT,W93420678
BR SAF,R297865
US SF3,R189026
PA SBT,R11833469
PL CHH,R2809407
ES RGU,R347561
FR AEO,R812698
IT SPB,N300702058
US V5N,R186789
HU HAJ,R1407076
US AXZ,R129755
CH SGZ,R1684424
FR SMD,R146025
AU PR8,R11690396
US 2OG,R198886
DO LAL,N10788633553
DE LEG,R162875
MX SCL,N1820980288
DE NUK,R444741
IT TVS,R179140
US KKN,N141042487
SV QUE,N442155037
CZ UVA,R437796
US RJG,R242823
GB MHJ,R4073067
FR CCJ,R90765
CZ JNE,R436644
US II9,N153413805
VU EPI,N3411812862
FR PD2,R138333
DE 64F,R7832647
GB DRS,N27457952
FR LUF,R119301
FR UC9,R912194
DE ZIR,R3351257
AU BGT,R11688847
DE MSE,R157423
CA BED,R7927006
US 8BL,R12208124
DE GAP,R939334
US DS4,R131959
CA SBO,R7042081
FR RD2,R1226711
US PPF,R130132
FR UXJ,R2690625
IT LCA,R45985
LK DOM,N639304543
JP NKD,N8301490421
US MYL,R121324
FR PJN,R126936
NO INV,N567951189
SK SPA,R2206975
AT FAS,R86684
GB MLH,R3410846
CA CST,R9232696
PL BYA,R2626972
SE TJO,N765074980
CH BSI,R1683342
HU FKE,R1453525
US FR5,N151441561
IQ TKT,N2480255384
CL HQI,R1620107
US UJT,R170948
CO SAM,R1315407
US JLC,R197277
PL SDY,R5550754
US 8TU,N158813435
GB GHW,N37046297
US BYN,N141046935
FR XBE,R107421
GB SMR,R2885841
CH ZSD,R1684575
CA CYG,N146305018
US TMB,R206950
ES TRS,R345509
ES BAR,R346565
FR DSU,R2983625
NL HNO,R1422941
ES OVF,R345588
PL GYN,R2996883
US MQQ,N153762904
DE BTJ,R534517
US ZMG,R1216766
ES MRP,R348138
US CEM,R254027
FR AOA,R145615
DK BLE,N10875005802
CO AYA,R1343439
IN BEY,N1683149581
ES MDC,R342307
GB WNG,R7006807
DE ZBM,N315092824
CA PGM,R14741328
GB AS6,R2715869
FR LGD,R1108715
IT AQZ,R179240
MX PUC,N3412120260
FR 9HO,R387497
GA FOU,N331151099
IT SBS,R42923
US JCE,R198984
US SEE,R119591
BR CSN,R298104
US ILS,R6603698
US HDL,R451329
LV AIN,R1979179
US SS7,R15273728
FR SA9,R76239
ES MCN,N35833844
ES ORR,R344815
CL POS,N214225437
BO CRP,N1813864470
FR ADZ,R296266
HR VLN,R15967676
CN PSH,R12301757
DE SKN,R2186942
DE 93B,R539913
GB WIG,N31173377
NG QUO,R3715390
PL SAG,N1398458165
FR RAO,R3321928
BR BPE,R314624
BR IRA,R297724
MY BAI,R14376814
CN HLN,N2065805093
FI VLH,N257936468
NL VEE,R418793
TR BZC,R1815262
CN ZOC,R3286960
DE SYS,R534354
US RZE,R141763
US RGJ,W420440314
BE VDO,R3228215
IT TIG,R43521
DE RN8,R417707
DE ARR,N34533310
AU LRA,R2455498
DE BU3,R1515585
US FM2,N153677451
US HHB,R196142
JP KZO,R1768458
NO LLH,R412416
NL EJK,R163549
BR AMB,R333991
NL STC,R337644
GB KNO,N29803854
DE KSD,R336479
CH BWI,R1684505
GB WIZ,N644944021
IT SD2,R2333452
ES REN,N288258237
US MUI,N158529718
IT RGR,R43813
PG ATP,N1258365568
RO BAE,N454153128
US NCE,R177367
US QUB,N151455477
CH BHN,R1685284
FR 6EU,R146624
NO BRA,N6216715401
CA NRC,R8271762
US F8M,N151665589
SK MOD,R2322610
BR POS,R298385
LV KOC,N412480147
NL HRV,R403072
DE 4B8,R2813790
IT PGC,R43751
FI JVA,R2522460
SK FD3,R2186304
RU OKU,R2664096
FI JUU,R2371980
US XPE,N153790854
US EFP,R122990
US DOY,N141042964
FR SPO,R1232837
NL DRP,R161813
US S2H,R2342526
US A4S,R3494562
IT SDN,N3305541612
IT BTW,R42994
BR DVO,R315205
US BMG,R127716
FR UAL,R1348792
AU KDS,N2401339846
FI LEO,R4446204
IE TYL,R6911426
MX ZAP,R5606660
DE USF,R548571
GB ELN,N3206863629
DE TNA,R2780662
US TVO,N153508555
FR VYV,R87334
NL BCK,R417454
NO KPP,N286953548
ZA HLE,N262708630
CN HMI,R2747108
US FMA,N154131631
US AOH,R126834
US LWU,N153858202
US AMA,R115286
CH MNN,R1684707
US AIU,R4430242
FR 6AU,R1848610
DE SKR,R1016393
FR CLR,R2089604
IN BUU,N245763838
CH PFU,R1682905
IT AZ7,R40225
US GTR,R111554
DE SHQ,R1248403
GB CKC,R1022588
US GMC,N158371509
DE HIU,R1028538
FI KHJ,R2316286
EE PAS,R11131191
BR MLH,R303790
CG DJM,N928169782
HR OVC,R8792688
FR S7D,R1332269
FR SRF,R1159663
CA CLM,N319350778
FR SOS,R2024888
FR UHE,R134014
DE TNZ,R961858
DE ASC,R62532
DE GNA,R1050510
CA AAL,R2221298
ES BD4,R343701
FR PIY,R122703
FO STR,R2527986
PH IRI,N2955402659
AR LHG,R4051390
IT ZJM,R42165
DE RG9,R5638753
ZA RPT,N262714436
CN YUN,N244082765
IT ML3,N367649559
FR BBZ,R1330734
AT HLG,R87077
BE KDE,R3372864
GB BFM,W214468144
US RWX,R181549
US OTF,R3292038
FR MYF,R102486
US BLW,R119274
FR SEH,R113699
CN XSP,N1594280307
US KKI,N10099299383
PG TFI,N7794599877
ZW UTA,N253237975
FR UOL,R149348
BR TIO,R303665
US BVM,R141616
GB CGF,N21415113
FR HLB,R85322
FR SZY,R396941
GB CYD,R11171518
US B2F,R126798
BE WLT,N221821570
CA SSO,R7360328
US POA,R113914
ES VUL,R341396
US LKU,R10082858
US P2V,N150949208
HU LEK,R1323455
CR SCC,R6352456
ES LPC,R341662
US N99,R1216777
CA KCN,N2277595038
AU KLZ,R9092912
DE WRN,R403727
DE 66L,R310418
DE GTG,R2773795
GB ZBD,N3067710692
NL BZM,R1379570
DE RRZ,R2983337
US JW3,N150938260
SK MSJ,R2203811
DE USL,R334267
US NE2,R125845
GB PRG,N29543342
GB WTA,R1022453
BE TSL,N293574258
CH RTR,R1684406
PL STK,R1755638
US LKV,R5892052
GB SJY,R5649454
AT PDO,R109337
NZ MRT,N281144333
CH VLL,R1685203
IT FAB,R42204
US LEY,R174447
FR HEO,R2078335
DE BPZ,R1248572
FR HLS,R64484
US ZOP,R237557
US VTW,R128597
US OQV,R178955
PL OYG,R6863051
ID SAE,N1308390344
FR SHZ,R110585
MY BAK,N254073973
DE ZBJ,R1283579
ES SDC,R340648
PL DEZ,R3090303
PL KRA,R2690975
AU PHI,R5807314
HU GGY,R1417491
IN KIM,N245726854
DE OLS,R157421
PG KUP,N7791819748
US DFU,R1216664
MY HUM,N254073102
FI MAX,N247482101
DE BUV,R2410076
FR RRJ,R1222655
US DGZ,N151705621
US BXH,R132511
DE B6V,R10817475
US IVK,R130449
FR CJR,R122422
SK KNN,R2210554
BR DTI,R298268
DE KRI,R414746
FR GQM,R386582
ES HUV,R347727
GB NMS,N9383436
FR GVQ,R1074309
FR PPU,R395920
DE MRM,N240089880
BR ICM,R298531
BR LZN,R297776
FR GCV,R74859
IN BKB,N1405754324
US YOI,R12033794
AT WEG,R8742071
FR UNY,R114189
FR P5Y,R144097
NL EDB,R2726502
MY PTU,N249484860
NL LAR,R419187
PG GRH,N7784759330
DE 54Y,R1470111
GB SKW,N1179006914
FR DTO,R2413662
FR CCM,R113548
GT COY,R4473043
CA CER,R7362266
MR BSK,N2118834489
US PKS,R187355
US TX9,R6563702
AU CUG,R6057992
VE ETC,N3628036194
CA CME,N1159503267
FR EIM,R79438
HU BOY,R1440654
FR CH7,R148691
US KHU,R184153
DE KEG,R1075155
RU QSK,W71819463
SE STP,R935502
FR NIH,R93453
CA LSE,R7430915
FR NHD,R1084369
ES ONG,R340198
CH RIE,R1683569
US MYU,W32975105
ES BOB,R339715
PL ZYN,R1466992
ES Q5B,N2371212103
CA PDU,R14650737
ES ZCR,R9907816
PL PKI,R2414589
PL OTW,R336206
FR DOB,R74740
DE GUL,R1243997
SK S8M,R2384732
IT ME9,R42477
PG AKI,N8714487707
FR CNP,R104868
ID LBW,N1308619541
US LPA,R5562818
ES ARE,R10093055
DE EGZ,R939497
DE KHG,R943540
IT RLL,R40953
BR SGN,R332938
CA PWD,R11033097
MK PLN,R6839605
US PSW,N153832224
CN WEI,R3307448
FR FLX,R1192497
IE BAE,R9305855
IT CMC,N846648925
GH KSA,N990130114
DE 3BK,N1643028567
CI YGN,R3377881
ZA ZBH,R2047360
US JHN,R16011524
DE ODF,R943741
IT OPT,N621461028
GB HEB,N27159441
FR DDD,R153675
US 9CR,R180146
FR UVY,R1286357
BO MGD,W187152100
BR SNI,R297663
FR ZHP,R2573036
SE HAN,N335671165
US MSV,R176010
SI STK,N875919688
US 5WT,R137418
US GCO,R237593
LU PTT,R1337085
BE GBJ,R3962685
FR ZLE,R78116
IT ZRF,R179105
FR ARN,R120084
CA SZT,R7696247
ES WES,N276040564
DE SSW,R73663
CN DEY,R2787561
CA NON,R7716430
AU CCH,R2692893
US GNK,R174479
TR HAK,R1381572
IT ZFP,R303945
GB HKO,R8099399
NZ PAR,N268533543
US NTT,R1948162
AU WA7,R7062910
CA PKL,R9377179
AU BLB,R6034698
ES FTT,R341794
US E4F,R2027182
FR DYJ,R6578286
US CVN,R171200
GB GR9,R5431972
FR HZS,R111361
RO GTB,R14867693
FR MS9,R916966
PA DAV,R8406747
SE ASL,N282927133
GB WMG,R3564086
US ZYK,N158302793
CH PRS,R1685111
FR DRV,R122584
US DWB,R12008371
GB SAH,N29383044
SA HAS,N346801397
GB HNN,W31398719
AU P6D,R2421655
PT EPG,N4037560999
US HIJ,R127191
US OEE,N158906289
NL ZEG,R1369584
US XJP,N153837065
US GCQ,R134583
FR DM9,R2955266
DK AAM,N9105385739
FR PLW,R444225
FR B6P,R73859
US FFB,W32971801
GB MNE,R2878810
PL ORW,R6894319
NZ BUL,N281129770
LV MAU,N416861775
DE GDW,R1030793
GB RGO,R1022515
TR BZB,N270976665
BE BVY,R12893774
CM BFX,N1809741111
US FPP,R8542118
NL NZ8,R165011
ES ZCG,R342626
SD BTE,R13156416
US PDS,R119642
CN DAN,N6416740356
LT PLS,N1037622772
FI NUU,N401588457
