actor_id,type,name,is_part_of,datasource_id
GR FOU,city,Foúrnoi,GR,UNLOCODE:2022-1
CA ROA,city,Roaches Line,CA-NL,UNLOCODE:2022-1
BR CCZ,city,Cocos,BR-BA,UNLOCODE:2022-1
DE TTT,city,Titting,DE-BY,UNLOCODE:2022-1
IT VIG,city,Vigliano,IT,UNLOCODE:2022-1
GB KET,city,"Kettletoft, Sanday",GB-ORK,UNLOCODE:2022-1
US ZJE,city,Von Ormy,US-TX,UNLOCODE:2022-1
BR PBT,city,Pereira Barreto,BR-SP,UNLOCODE:2022-1
FR H5T,city,Meuse,FR-52,UNLOCODE:2022-1
NL LYG,city,Luyksgestel,NL-NB,UNLOCODE:2022-1
AU PMG,city,Peppermint Grove,AU-WA,UNLOCODE:2022-1
EE HRJ,city,Harju,EE-39,UNLOCODE:2022-1
US LEM,city,Lemmon,US-SD,UNLOCODE:2022-1
US IAO,city,Cotati,US-CA,UNLOCODE:2022-1
RS HGO,city,Horgos,RS-VO,UNLOCODE:2022-1
DE A93,city,Axien,DE-ST,UNLOCODE:2022-1
SK NBA,city,Nová Bana,SK-BC,UNLOCODE:2022-1
GB OHL,city,Breedon on the Hill,GB-LEC,UNLOCODE:2022-1
US GUQ,city,Greendale,US-IN,UNLOCODE:2022-1
AU BUT,city,Beaumont,AU-SA,UNLOCODE:2022-1
US ZYY,city,Suttons Bay,US-MI,UNLOCODE:2022-1
SI TEP,city,Tepanje,SI-114,UNLOCODE:2022-1
NL SBM,city,Sexbierum,NL-FL,UNLOCODE:2022-1
FR IOK,city,Bondaroy,FR-45,UNLOCODE:2022-1
US V8X,city,Auxvasse,US-MO,UNLOCODE:2022-1
GR FIS,city,Fiskárdo,GR,UNLOCODE:2022-1
FR QTV,city,Tavernes,FR-83,UNLOCODE:2022-1
FR B9V,city,Bernardvillé,FR-67,UNLOCODE:2022-1
DE ARG,city,Ainring,DE-BY,UNLOCODE:2022-1
FR MEA,city,Meaux,FR-77,UNLOCODE:2022-1
DK VLL,city,Vallø,DK-85,UNLOCODE:2022-1
FR CN6,city,Le Controis-en-Sologne,FR-41,UNLOCODE:2022-1
FI HLS,city,Halsua,FI-14,UNLOCODE:2022-1
BR LED,city,Lagoa de Dentro,BR-PB,UNLOCODE:2022-1
AU TUM,city,Tumut,AU-NSW,UNLOCODE:2022-1
PL GRO,city,Grojec,PL,UNLOCODE:2022-1
BR JUA,city,Juara,BR-MT,UNLOCODE:2022-1
FR GGU,city,La Séguinière,FR-49,UNLOCODE:2022-1
VN HGG,city,Hau Giang,VN-73,UNLOCODE:2022-1
DK TMD,city,Torsminde,DK-82,UNLOCODE:2022-1
ES PGO,city,Pielagos,ES-S,UNLOCODE:2022-1
NL SRE,city,Streefkerk,NL-ZH,UNLOCODE:2022-1
FR UJL,city,Cruéjouls,FR-12,UNLOCODE:2022-1
GT ESC,city,Escuintla,GT,UNLOCODE:2022-1
ES VCJ,city,Villaconejos,ES-M,UNLOCODE:2022-1
BR LDS,city,Lindóia do Sul,BR-SC,UNLOCODE:2022-1
CA GRE,city,Greenfield Park,CA-QC,UNLOCODE:2022-1
DE HN5,city,Honings,DE-BY,UNLOCODE:2022-1
CZ JTV,city,Jetrichov,CZ,UNLOCODE:2022-1
NG MDI,city,Makurdi,NG,UNLOCODE:2022-1
BR QTA,city,Quatá,BR-SP,UNLOCODE:2022-1
MT QAL,city,Qala,MT-42,UNLOCODE:2022-1
FR FCY,city,Faucigny,FR-74,UNLOCODE:2022-1
BR AFH,city,Afonso Cunha,BR-MA,UNLOCODE:2022-1
PT ILH,city,Ílhavo,PT-01,UNLOCODE:2022-1
CR SMD,city,Santa Maria de Dota,CR-SJ,UNLOCODE:2022-1
AO CLV,city,CLOV FPSO,AO,UNLOCODE:2022-1
JP KOD,city,"Kodomari, Aomori",JP-02,UNLOCODE:2022-1
SK BAK,city,Baka,SK-TA,UNLOCODE:2022-1
DK GES,city,Gesten,DK,UNLOCODE:2022-1
ID LOL,city,Loli,ID-NT,UNLOCODE:2022-1
FI UUK,city,Uukuniemi,FI-02,UNLOCODE:2022-1
DE SZQ,city,Schwarzhausen,DE-TH,UNLOCODE:2022-1
FR AXW,city,Anneville-Ambourville,FR-76,UNLOCODE:2022-1
FR MTG,city,Montrouge,FR-92,UNLOCODE:2022-1
DE AA3,city,Algenstedt,DE-ST,UNLOCODE:2022-1
US UKT,city,Quakertown,US-PA,UNLOCODE:2022-1
DE WWS,city,Weisswasser,DE-SN,UNLOCODE:2022-1
US A2V,city,Ava,US-IL,UNLOCODE:2022-1
SE SLI,city,Slite,SE-I,UNLOCODE:2022-1
JP SGM,city,Sendaishiogama,JP-04,UNLOCODE:2022-1
CZ BZN,city,Bezno,CZ,UNLOCODE:2022-1
GB NWY,city,New York,GB-LIN,UNLOCODE:2022-1
GB WTH,city,Withnell,GB-LAN,UNLOCODE:2022-1
US WR5,city,Warren,US-CT,UNLOCODE:2022-1
FR VOO,city,Vaour,FR-81,UNLOCODE:2022-1
US WBA,city,Wabasso,US-MN,UNLOCODE:2022-1
BE DBK,city,Dilbeek,BE-VBR,UNLOCODE:2022-1
US OIU,city,Nora Springs,US-IA,UNLOCODE:2022-1
SE HHT,city,Hishult,SE-N,UNLOCODE:2022-1
US EOS,city,Neosho,US-MO,UNLOCODE:2022-1
IT AEM,city,Monte Isola,IT-BS,UNLOCODE:2022-1
PE PUB,city,Bayovar,PE-PIU,UNLOCODE:2022-1
PH STR,city,Santa Rosa,PH-RIZ,UNLOCODE:2022-1
CN JIN,city,Jian,CN-JX,UNLOCODE:2022-1
ES ZTZ,city,Izurtza,ES-BI,UNLOCODE:2022-1
BE RMI,city,Ramillies,BE-WBR,UNLOCODE:2022-1
US DNK,city,Duncan,US-SC,UNLOCODE:2022-1
HU OKF,city,Ököritófülpös,HU-SZ,UNLOCODE:2022-1
DE BQX,city,Buxheim,DE-BY,UNLOCODE:2022-1
US GJE,city,Greenfield,US-WI,UNLOCODE:2022-1
MY BSD,city,Bandar Sri Damansara,MY-10,UNLOCODE:2022-1
AU SMV,city,Somerville,AU-VIC,UNLOCODE:2022-1
US QVW,city,Bridgeview,US-IL,UNLOCODE:2022-1
ES CCH,city,Casariche,ES,UNLOCODE:2022-1
US ILJ,city,Silverton,US-TX,UNLOCODE:2022-1
MX MXL,city,Mexicali,MX-BCN,UNLOCODE:2022-1
FR ICS,city,Biscarrosse,FR-40,UNLOCODE:2022-1
US LFP,city,Laflin,US-PA,UNLOCODE:2022-1
BR NIP,city,Nipoã,BR-SP,UNLOCODE:2022-1
AT HAU,city,Hohenau an der March,AT,UNLOCODE:2022-1
US SB2,city,Saxonburg,US-PA,UNLOCODE:2022-1
JP KOX,city,Kaminoseki,JP-35,UNLOCODE:2022-1
US CPU,city,Coopersburg,US-PA,UNLOCODE:2022-1
HU BES,city,Békés,HU-BE,UNLOCODE:2022-1
FR ZJE,city,Templeux-la-Fosse,FR-80,UNLOCODE:2022-1
DE DTA,city,Seitenroda,DE-TH,UNLOCODE:2022-1
GB NGG,city,Nigg,GB-HLD,UNLOCODE:2022-1
US TYM,city,Troy,US-MI,UNLOCODE:2022-1
US GPK,city,Galena Park,US-TX,UNLOCODE:2022-1
CZ ZIZ,city,Zizice,CZ,UNLOCODE:2022-1
OM MUT,city,Muthra,OM,UNLOCODE:2022-1
FR NGD,city,Saint-Méen-le-Grand,FR-35,UNLOCODE:2022-1
AU MRB,city,Moorebank/Sydney,AU-NSW,UNLOCODE:2022-1
FR QUS,city,Quessoy,FR-22,UNLOCODE:2022-1
US VPE,city,Peculiar,US-MO,UNLOCODE:2022-1
FR TOG,city,Tourcoing,FR-59,UNLOCODE:2022-1
US JTH,city,Charlotte Hall,US-MD,UNLOCODE:2022-1
FR VCL,city,Villers-Écalles,FR-76,UNLOCODE:2022-1
BR TIU,city,Traipu,BR-AL,UNLOCODE:2022-1
IT S2Z,city,Sabbionara,IT-TN,UNLOCODE:2022-1
FR 4AV,city,Artigues,FR-83,UNLOCODE:2022-1
HU ULL,city,Üllo,HU-PE,UNLOCODE:2022-1
AT FRN,city,Frankenmarkt,AT,UNLOCODE:2022-1
US 6SD,city,Sandisfield,US-MA,UNLOCODE:2022-1
IT GUE,city,Guarene,IT,UNLOCODE:2022-1
NL BRC,city,Borculo,NL,UNLOCODE:2022-1
BR ABB,city,Abdon Batista,BR-SC,UNLOCODE:2022-1
PY KTT,city,Katuete,PY-14,UNLOCODE:2022-1
JP ECZ,city,Echizen,JP-18,UNLOCODE:2022-1
BE HRP,city,Hourpes,BE-WHT,UNLOCODE:2022-1
US 4RK,city,Parkton,US-MD,UNLOCODE:2022-1
IE COA,city,Coolea,IE-CO,UNLOCODE:2022-1
DE JOR,city,Jork,DE-NI,UNLOCODE:2022-1
FR TNK,city,Martigny,FR-50,UNLOCODE:2022-1
US BXO,city,Bladenboro,US-NC,UNLOCODE:2022-1
US NVB,city,Noblesville,US-IN,UNLOCODE:2022-1
FR PGB,city,Pontgibaud,FR-63,UNLOCODE:2022-1
GB PDD,city,Pen-Clawdd,GB-SWA,UNLOCODE:2022-1
DE 58T,city,Latendorf,DE-SH,UNLOCODE:2022-1
US BUR,city,Burbank,US-CA,UNLOCODE:2022-1
DE WFA,city,Wutha-Farnroda,DE-TH,UNLOCODE:2022-1
IT CMT,city,Castelmarte,IT,UNLOCODE:2022-1
US W3D,city,Wheatland,US-IA,UNLOCODE:2022-1
ID TNJ,city,Tanjungpinang,ID-KR,UNLOCODE:2022-1
FR LU6,city,Lucbardez-et-Bargues,FR-40,UNLOCODE:2022-1
ES BDZ,city,La Garrovilla,ES-BA,UNLOCODE:2022-1
PL KTY,city,Kety,PL,UNLOCODE:2022-1
NL WMH,city,Warmenhuizen,NL,UNLOCODE:2022-1
PH SIL,city,Silang,PH-CAV,UNLOCODE:2022-1
CA UPT,city,Upton,CA-QC,UNLOCODE:2022-1
BR PBV,city,Pescaria Brava,BR-SC,UNLOCODE:2022-1
US JNQ,city,Princeton,US-MA,UNLOCODE:2022-1
FR SYQ,city,Sauvoy,FR-55,UNLOCODE:2022-1
GB TRR,city,Trearddur,GB-AGY,UNLOCODE:2022-1
IT ZFK,city,Confienza,IT-PV,UNLOCODE:2022-1
SI TRB,city,Trbovlje,SI-129,UNLOCODE:2022-1
DE ECP,city,Breechen,DE-MV,UNLOCODE:2022-1
US M3L,city,Mayville,US-MI,UNLOCODE:2022-1
FR AB2,city,Abilly,FR-37,UNLOCODE:2022-1
ES CRI,city,Cierbena,ES-AB,UNLOCODE:2022-1
FR EDG,city,Saint-Étienne-du-Grès,FR-13,UNLOCODE:2022-1
US CN4,city,Culloden,US-WV,UNLOCODE:2022-1
CA CYE,city,Clandeboye,CA-MB,UNLOCODE:2022-1
DE SDJ,city,Spardorf,DE-BY,UNLOCODE:2022-1
JP SXM,city,Sunami,JP-34,UNLOCODE:2022-1
FI ECK,city,Eckerö,FI-01,UNLOCODE:2022-1
US TEV,city,Temperance,US-MI,UNLOCODE:2022-1
GB JOG,city,John O'Groats,GB-HLD,UNLOCODE:2022-1
CZ CTR,city,Ceská Trebová,CZ,UNLOCODE:2022-1
CA KEA,city,Keoma,CA-AB,UNLOCODE:2022-1
DE PID,city,Piding,DE-BY,UNLOCODE:2022-1
GR GAJ,city,Ano Liosia,GR,UNLOCODE:2022-1
IT VNC,city,Vallenoncello,IT-PN,UNLOCODE:2022-1
MY KBA,city,Kuala Baram,MY,UNLOCODE:2022-1
FR NHM,city,Niederhergheim,FR-68,UNLOCODE:2022-1
DE ZIC,city,Langenweissbach,DE-SN,UNLOCODE:2022-1
ES SEU,city,San Eugenio,ES-TF,UNLOCODE:2022-1
FR LP6,city,Saint-Laurent-de-la-Prée,FR-17,UNLOCODE:2022-1
BG BCP,city,Chomakovtsi,BG-15,UNLOCODE:2022-1
BE THG,city,Tihange,BE-WLG,UNLOCODE:2022-1
CH WLG,city,Wurenlingen,CH-AG,UNLOCODE:2022-1
ZA ZBO,city,Fort Jackson,ZA-EC,UNLOCODE:2022-1
VN HLG,city,Ha Long,VN-13,UNLOCODE:2022-1
FR UB7,city,Beaulieu-sur-Loire,FR-45,UNLOCODE:2022-1
US LV9,city,Lucasville,US-OH,UNLOCODE:2022-1
US SVN,city,Severn,US-NC,UNLOCODE:2022-1
IT MDU,city,Monteroduni,IT,UNLOCODE:2022-1
AU CBU,city,Cullen Bullen,AU-NSW,UNLOCODE:2022-1
US BN9,city,Battle Ground,US-IN,UNLOCODE:2022-1
VG JVD,city,Jost Van Dyke,VG,UNLOCODE:2022-1
US JSA,city,Judsonia,US-AR,UNLOCODE:2022-1
CH RFD,city,Rheinfelden,CH-AG,UNLOCODE:2022-1
NO EID,city,Eid,NO,UNLOCODE:2022-1
FR LIU,city,Ligueux,FR-24,UNLOCODE:2022-1
AU NBQ,city,North Beach,AU-WA,UNLOCODE:2022-1
US DHW,city,Nashwauk,US-MN,UNLOCODE:2022-1
PT PSV,city,Porto Salvo,PT-11,UNLOCODE:2022-1
DE AMZ,city,Amerang,DE-BY,UNLOCODE:2022-1
US IDP,city,Independence,US-KS,UNLOCODE:2022-1
GB ESG,city,Easington,GB-DUR,UNLOCODE:2022-1
BR PPZ,city,Pirapemas,BR-MA,UNLOCODE:2022-1
CH HEI,city,Heiden,CH-AR,UNLOCODE:2022-1
JP KTB,city,Kyotamba,JP-26,UNLOCODE:2022-1
AU CRL,city,Coral Bay,AU-WA,UNLOCODE:2022-1
NO SLH,city,Salthella,NO,UNLOCODE:2022-1
MR AJJ,city,Akjoujt,MR,UNLOCODE:2022-1
US SDU,city,Sudan,US-TX,UNLOCODE:2022-1
IT PEP,city,Ponte a Poppi,IT-AR,UNLOCODE:2022-1
IT TMA,city,Talamona,IT,UNLOCODE:2022-1
BR CAI,city,Cássia,BR-MG,UNLOCODE:2022-1
AT BKL,city,Bruck an der Leitha,AT,UNLOCODE:2022-1
DO TDR,city,Tamboril,DO-25,UNLOCODE:2022-1
US M6I,city,Truesdale,US-MO,UNLOCODE:2022-1
AU RYD,city,West Ryde,AU-NSW,UNLOCODE:2022-1
ES CUR,city,Castro-Urdiales,ES-S,UNLOCODE:2022-1
DE HBQ,city,Haselbach,DE-TH,UNLOCODE:2022-1
IL HAO,city,Ha Ogen,IL-M,UNLOCODE:2022-1
FR B3C,city,Boussac,FR-23,UNLOCODE:2022-1
FR AOE,city,Avignonet-Lauragais,FR-31,UNLOCODE:2022-1
US 7MG,city,Montgomery,US-VT,UNLOCODE:2022-1
VE GUQ,city,Guanare,VE,UNLOCODE:2022-1
SI N82,city,Podnart,SI-082,UNLOCODE:2022-1
DE ZHQ,city,Tegernheim,DE-BY,UNLOCODE:2022-1
ES LEK,city,Lekeitio,ES,UNLOCODE:2022-1
LR GRC,city,Grand Cess,LR,UNLOCODE:2022-1
PL BRK,city,Brzostek Policzko,PL,UNLOCODE:2022-1
US A22,city,Ashville,US-PA,UNLOCODE:2022-1
AT RWL,city,Rekawinkel,AT,UNLOCODE:2022-1
US INF,city,Winfield,US-TX,UNLOCODE:2022-1
DE PLH,city,Pleidelsheim,DE-BW,UNLOCODE:2022-1
NO BUV,city,Buvika,NO,UNLOCODE:2022-1
US AVI,city,Avery Island,US-LA,UNLOCODE:2022-1
DE 238,city,Braunsdorf bei Freital,DE-SN,UNLOCODE:2022-1
FR REP,city,Crépy-en-Laonnois,FR-02,UNLOCODE:2022-1
RU SHN,city,Sheksna,RU-VLG,UNLOCODE:2022-1
US TO3,city,Corralitos,US-CA,UNLOCODE:2022-1
CA RSW,city,Rosetown,CA-SK,UNLOCODE:2022-1
US RDJ,city,Reading,US-OH,UNLOCODE:2022-1
DE EWZ,city,Bresewitz,DE-MV,UNLOCODE:2022-1
US M7G,city,Mingus,US-TX,UNLOCODE:2022-1
ES CLN,city,Calvos Randin,ES-OR,UNLOCODE:2022-1
CA PIF,city,Pine Falls,CA-MB,UNLOCODE:2022-1
BA KDJ,city,Kladanj,BA-BIH,UNLOCODE:2022-1
IT ZIB,city,Esanatoglia,IT-MC,UNLOCODE:2022-1
IN IXJ,city,Jammu,IN-JK,UNLOCODE:2022-1
US TVF,city,Thief River Falls,US-MN,UNLOCODE:2022-1
DE XR9,city,Waldmössingen,DE-BW,UNLOCODE:2022-1
BR IVR,city,Ivorá,BR-RS,UNLOCODE:2022-1
FR LBZ,city,La Brillanne,FR-04,UNLOCODE:2022-1
IT RAI,city,Solarolo Rainerio,IT-CR,UNLOCODE:2022-1
US JKG,city,Jackson,US-GA,UNLOCODE:2022-1
AU NSS,city,Nairne,AU-SA,UNLOCODE:2022-1
BR NER,city,Nova Era,BR-MG,UNLOCODE:2022-1
PL JWS,city,Jaworzyna Slaska,PL-02,UNLOCODE:2022-1
FR PZA,city,Pranzac,FR-16,UNLOCODE:2022-1
US EV3,city,Ellenville,US-NY,UNLOCODE:2022-1
AT TYN,city,Theyern,AT-3,UNLOCODE:2022-1
US M7S,city,Mershon,US-GA,UNLOCODE:2022-1
BR BSC,city,Bom Sucesso,BR-MG,UNLOCODE:2022-1
PA CUR,city,Curundu,PA-8,UNLOCODE:2022-1
VE PDM,city,Punta de Mata,VE-N,UNLOCODE:2022-1
ES RBS,city,Ribadesella,ES,UNLOCODE:2022-1
CO ACM,city,Arica,CO,UNLOCODE:2022-1
HR MAG,city,Magadenovac,HR-14,UNLOCODE:2022-1
DE VLT,city,Velten,DE-BB,UNLOCODE:2022-1
GB AFY,city,Aberfeldy,GB-PKN,UNLOCODE:2022-1
AU RDS,city,Rhodes,AU-NSW,UNLOCODE:2022-1
US PPW,city,Paw Paw,US-MI,UNLOCODE:2022-1
BE QPD,city,Poederlee,BE,UNLOCODE:2022-1
CN XJD,city,Xuejiadao,CN-SD,UNLOCODE:2022-1
ES MLN,city,Melilla,ES-ML,UNLOCODE:2022-1
FR 9DO,city,Soudron,FR-51,UNLOCODE:2022-1
US C7P,city,Center Point,US-AL,UNLOCODE:2022-1
BR AMH,city,Álvares Machado,BR-SP,UNLOCODE:2022-1
FR UAC,city,Maussac,FR-19,UNLOCODE:2022-1
DE HH6,city,Hohenmölsen,DE-ST,UNLOCODE:2022-1
NO ARS,city,Årstein,NO,UNLOCODE:2022-1
DE GCS,city,Grosschönau,DE-SN,UNLOCODE:2022-1
FR VVE,city,Voves,FR-28,UNLOCODE:2022-1
US 7UT,city,Kearns,US-UT,UNLOCODE:2022-1
PT GDA,city,Guarda,PT-09,UNLOCODE:2022-1
PT PEM,city,Pedro Miguel,PT-20,UNLOCODE:2022-1
AT WON,city,Wagna,AT-6,UNLOCODE:2022-1
BR CLZ,city,Colniza,BR-MT,UNLOCODE:2022-1
BS SML,city,Stella Maris,BS-LI,UNLOCODE:2022-1
AU DAL,city,Dalton,AU-NSW,UNLOCODE:2022-1
KI MZK,city,Marakei,KI,UNLOCODE:2022-1
NO SST,city,Skjerstad,NO-18,UNLOCODE:2022-1
DK HJN,city,Hejnsvig,DK,UNLOCODE:2022-1
FR YNE,city,La Seyne-sur-Mer,FR-83,UNLOCODE:2022-1
MY SGL,city,Sungai Lalang,MY-02,UNLOCODE:2022-1
DE BN6,city,Ballendorf/Württemberg,DE-BW,UNLOCODE:2022-1
JP ONG,city,Onagawa,JP-04,UNLOCODE:2022-1
CN HUM,city,Huma,CN-HL,UNLOCODE:2022-1
DE 73E,city,Nordhackstedt,DE-SH,UNLOCODE:2022-1
RU PDY,city,Pravdinskiy,RU,UNLOCODE:2022-1
CN DTG,city,Datian,CN-FJ,UNLOCODE:2022-1
GB BSL,city,Bosley,GB-CHE,UNLOCODE:2022-1
FR NSD,city,Lavans-lès-Dole,FR-39,UNLOCODE:2022-1
CN LJD,city,Liujiadu,CN-AH,UNLOCODE:2022-1
US KUI,city,Kailua (Maui),US-HI,UNLOCODE:2022-1
FR LN4,city,Le Sen,FR-40,UNLOCODE:2022-1
NL REI,city,Reid,NL-FR,UNLOCODE:2022-1
GB FTW,city,Fittleworth,GB-WSX,UNLOCODE:2022-1
US VCV,city,Victorville,US-CA,UNLOCODE:2022-1
DE A2A,city,Allendorf/Rudolstadt,DE-TH,UNLOCODE:2022-1
CA FWI,city,Fordwich,CA-ON,UNLOCODE:2022-1
PL SWO,city,Sulaszewo,PL,UNLOCODE:2022-1
AU GRW,city,Girraween,AU-NSW,UNLOCODE:2022-1
NE MFQ,city,Maradi,NE,UNLOCODE:2022-1
FR JVI,city,Juvignac,FR-34,UNLOCODE:2022-1
IT ZMP,city,Luzzi,IT-CS,UNLOCODE:2022-1
US LAR,city,Laramie,US-WY,UNLOCODE:2022-1
CA MAI,city,Maisonnette Point,CA-NB,UNLOCODE:2022-1
IT LVB,city,Villa Basilica,IT-LU,UNLOCODE:2022-1
DE RB3,city,Rebgeshain,DE-HE,UNLOCODE:2022-1
FR LRC,city,Libercourt,FR-62,UNLOCODE:2022-1
DE BO6,city,Balow,DE-MV,UNLOCODE:2022-1
FR FAB,city,Fay,FR-80,UNLOCODE:2022-1
FR VYE,city,Vayres,FR-33,UNLOCODE:2022-1
NO KVN,city,Kvænangen,NO,UNLOCODE:2022-1
ES TAA,city,Torrecilla de la Abadesa,ES-VA,UNLOCODE:2022-1
BR JTV,city,Juarez Távora,BR-PB,UNLOCODE:2022-1
US RHV,city,Fair Haven,US-MI,UNLOCODE:2022-1
PA LGE,city,Los Ángeles,PA-4,UNLOCODE:2022-1
FR JGU,city,Jargeau,FR-45,UNLOCODE:2022-1
FR PJB,city,Saint-Pierre-lès-Elbeuf,FR-76,UNLOCODE:2022-1
US WV5,city,Websterville,US-VT,UNLOCODE:2022-1
CH GEB,city,Gebenstorf,CH-AG,UNLOCODE:2022-1
CA MHN,city,Les Mechins,CA-QC,UNLOCODE:2022-1
GR ANS,city,Nea Smyrni,GR,UNLOCODE:2022-1
AR VCN,city,Villa Constitución,AR-S,UNLOCODE:2022-1
CL MLL,city,Maullín,CL-LL,UNLOCODE:2022-1
AU KBD,city,Kimberley Downs,AU-WA,UNLOCODE:2022-1
NL BEL,city,Boekel,NL-NB,UNLOCODE:2022-1
DE WPS,city,Wipshausen,DE-NI,UNLOCODE:2022-1
NL HSK,city,Harskamp,NL-GE,UNLOCODE:2022-1
US 3MG,city,Montgomery,US-LA,UNLOCODE:2022-1
FR CPY,city,Champigny-sur-Marne/Paris,FR-94,UNLOCODE:2022-1
MU ABN,city,Albion,MU-BL,UNLOCODE:2022-1
US RNS,city,Ransom,US-PA,UNLOCODE:2022-1
ID MPN,city,Muara Pantai,ID,UNLOCODE:2022-1
BR BGC,city,Biguaçu,BR-SC,UNLOCODE:2022-1
NI LPC,city,La Paz Centro,NI-LE,UNLOCODE:2022-1
AT KN8,city,Sankt Lorenzen bei Knittelfeld,AT-6,UNLOCODE:2022-1
NZ NPL,city,New Plymouth,NZ-TKI,UNLOCODE:2022-1
US KAD,city,"Oakland, Fayette",US-TN,UNLOCODE:2022-1
JP SJA,city,"Sai, Aomori",JP-02,UNLOCODE:2022-1
DE ZHX,city,Uetze,DE-NI,UNLOCODE:2022-1
US CNM,city,Carlsbad,US-NM,UNLOCODE:2022-1
ID JGK,city,Jagakarsa,ID-JB,UNLOCODE:2022-1
US 7VM,city,Van Meter,US-IA,UNLOCODE:2022-1
CR UTA,city,Uvita,CR-P,UNLOCODE:2022-1
JP WKR,city,Wakura,JP-17,UNLOCODE:2022-1
NL VOB,city,Voorburg,NL,UNLOCODE:2022-1
BE MOM,city,Momignies,BE-WHT,UNLOCODE:2022-1
US STN,city,Stanhope,US-NJ,UNLOCODE:2022-1
DE SZC,city,Sietzsch,DE-ST,UNLOCODE:2022-1
US TKW,city,Tiskilwa,US-IL,UNLOCODE:2022-1
DE NXN,city,Duingen,DE-NI,UNLOCODE:2022-1
US CQA,city,Colma,US-CA,UNLOCODE:2022-1
ES NIL,city,Fontanilles,ES-GI,UNLOCODE:2022-1
BE APE,city,Aiseau-Presles,BE-WHT,UNLOCODE:2022-1
US DTJ,city,Desert Center,US-CA,UNLOCODE:2022-1
US FVO,city,"Forest, Hardin",US-OH,UNLOCODE:2022-1
FR JYV,city,Jonchery-sur-Vesle,FR-51,UNLOCODE:2022-1
GB PWT,city,Padworth,GB-WBK,UNLOCODE:2022-1
AU TIV,city,Tintaldra,AU-VIC,UNLOCODE:2022-1
IT GCS,city,Gratacasolo,IT-BS,UNLOCODE:2022-1
CZ OLD,city,Moldava,CZ,UNLOCODE:2022-1
BZ COL,city,Colinto,BZ,UNLOCODE:2022-1
IT LPG,city,Alpago,IT-BL,UNLOCODE:2022-1
GR NPA,city,Néa Pélla,GR,UNLOCODE:2022-1
JP NGE,city,"Nagae, Shimane",JP-32,UNLOCODE:2022-1
CZ MDY,city,Mydlovary,CZ-32,UNLOCODE:2022-1
DE SL4,city,Schenkelberg,DE-RP,UNLOCODE:2022-1
LT KYB,city,Kybartai,LT-MR,UNLOCODE:2022-1
GB BKA,city,Buckfast,GB-DEV,UNLOCODE:2022-1
JP KKU,city,"Kuji, Kagoshima",JP-46,UNLOCODE:2022-1
NZ WKW,city,Waikawa,NZ-STL,UNLOCODE:2022-1
AU EYM,city,Mooney Mooney,AU-NSW,UNLOCODE:2022-1
IT V9B,city,Villanova Del Battista,IT-AV,UNLOCODE:2022-1
FR EEU,city,Entre-deux-Guiers,FR-38,UNLOCODE:2022-1
AU HTE,city,Hawthorn,AU-VIC,UNLOCODE:2022-1
BR TRE,city,Terenos,BR-MS,UNLOCODE:2022-1
DE GET,city,Geesthacht,DE-SH,UNLOCODE:2022-1
CZ TUR,city,Turnov,CZ,UNLOCODE:2022-1
BR PBE,city,Padre Bernardo,BR-GO,UNLOCODE:2022-1
BR PYA,city,Palmácia,BR-CE,UNLOCODE:2022-1
PE HUY,city,Huarmey,PE,UNLOCODE:2022-1
US HUI,city,Hunts Point/Bronx/New York,US-NY,UNLOCODE:2022-1
NG TIK,city,Tiko,NG,UNLOCODE:2022-1
PA BDC,city,Boca de Cupe,PA-5,UNLOCODE:2022-1
US MBD,city,Millsboro,US-DE,UNLOCODE:2022-1
TR CCY,city,Çay,TR-03,UNLOCODE:2022-1
PL BEL,city,Belzyce,PL,UNLOCODE:2022-1
US HHX,city,"Hillsboro, Ohio",US-OH,UNLOCODE:2022-1
ES MPC,city,Malpartida de Caceres,ES-CC,UNLOCODE:2022-1
CH NBA,city,Niedererlinsbach,CH-SO,UNLOCODE:2022-1
KR MOK,city,Mokpo,KR-46,UNLOCODE:2022-1
US BEN,city,Bena,US-VA,UNLOCODE:2022-1
US GPE,city,Gardners,US-PA,UNLOCODE:2022-1
FR YCP,city,Saussay-la-Campagne,FR-27,UNLOCODE:2022-1
US 8IL,city,Lincolnville,US-ME,UNLOCODE:2022-1
US GWV,city,Glendale,US-WV,UNLOCODE:2022-1
GR SPT,city,Spáta,GR,UNLOCODE:2022-1
AO NGV,city,Ondjiva,AO-CNN,UNLOCODE:2022-1
UA BCV,city,Bachivs'k,UA-59,UNLOCODE:2022-1
CN ZUT,city,Zhutan,CN,UNLOCODE:2022-1
AU CGV,city,Caiguna,AU-WA,UNLOCODE:2022-1
CH NDU,city,Nidau,CH-BE,UNLOCODE:2022-1
DE SWA,city,Swisttal,DE-NW,UNLOCODE:2022-1
HU NDO,city,Nyiradony,HU-HB,UNLOCODE:2022-1
GB UUS,city,Upton upon Severn,GB-WOR,UNLOCODE:2022-1
GB YKE,city,Yoker,GB-GLG,UNLOCODE:2022-1
US XFB,city,Dexter,US-ME,UNLOCODE:2022-1
FR UBV,city,Landreville,FR-10,UNLOCODE:2022-1
IT SEU,city,Segusino,IT-TV,UNLOCODE:2022-1
FR MMP,city,Mourmelon-le-Petit,FR-51,UNLOCODE:2022-1
US LOY,city,Lyons,US-OH,UNLOCODE:2022-1
EE SLN,city,Salinõmme,EE-39,UNLOCODE:2022-1
CR BFL,city,Búffalo,CR-L,UNLOCODE:2022-1
CN XUN,city,Xinyuan,CN-XJ,UNLOCODE:2022-1
DE SYL,city,Stadtkyll,DE-RP,UNLOCODE:2022-1
BR CBG,city,Cabeceira Grande,BR-MG,UNLOCODE:2022-1
SK SYC,city,Nova Straz,SK-NI,UNLOCODE:2022-1
LT EZS,city,Ezerelis,LT-KU,UNLOCODE:2022-1
TH NPM,city,Nakhon Pathom,TH,UNLOCODE:2022-1
CA G3S,city,Gipsons,CA-BC,UNLOCODE:2022-1
US WTO,city,Warrenton,US-OR,UNLOCODE:2022-1
GB OKL,city,Oakley,GB-HAM,UNLOCODE:2022-1
ZA WNB,city,Wynberg,ZA,UNLOCODE:2022-1
FI TMM,city,Tammela,FI-17,UNLOCODE:2022-1
AU TON,city,Wilton,AU-NSW,UNLOCODE:2022-1
FI NKK,city,Nakkila,FI-17,UNLOCODE:2022-1
PL MCW,city,Marciszów,PL-02,UNLOCODE:2022-1
US LXL,city,Carville,US-LA,UNLOCODE:2022-1
CA CDM,city,Coldstream,CA-BC,UNLOCODE:2022-1
US VLS,city,Van Alstyne,US-TX,UNLOCODE:2022-1
DE HGT,city,Hilgert,DE-RP,UNLOCODE:2022-1
BR BTL,city,Benedito Leite,BR-MA,UNLOCODE:2022-1
DE RTX,city,Roth,DE-RP,UNLOCODE:2022-1
FI SKJ,city,Siikajoki,FI-15,UNLOCODE:2022-1
US ZZS,city,Lakemoor,US-IL,UNLOCODE:2022-1
ES MOM,city,Moraira,ES-V,UNLOCODE:2022-1
FR B32,city,Monbrun,FR-32,UNLOCODE:2022-1
FR AT8,city,Cambounet-sur-le-Sor,FR-81,UNLOCODE:2022-1
CL PEU,city,Peumo,CL-LI,UNLOCODE:2022-1
AU ACD,city,Arcadia,AU-NSW,UNLOCODE:2022-1
NL NFK,city,Niftrik,NL-GE,UNLOCODE:2022-1
CA FRG,city,Fergus,CA-ON,UNLOCODE:2022-1
AT RUZ,city,Ramsau im Zillertal,AT-7,UNLOCODE:2022-1
US RSH,city,Russian Mission,US-AK,UNLOCODE:2022-1
US PLR,city,Pell City,US-AL,UNLOCODE:2022-1
PG CVB,city,Chungribu,PG,UNLOCODE:2022-1
NO BNE,city,Bones,NO,UNLOCODE:2022-1
HU KRK,city,Kereki,HU,UNLOCODE:2022-1
NO HRO,city,Herøy,NO-18,UNLOCODE:2022-1
US WOD,city,Lockwood,US-MO,UNLOCODE:2022-1
DE 54C,city,Dassendorf,DE-SH,UNLOCODE:2022-1
US CBR,city,Courtland,US-MN,UNLOCODE:2022-1
ZA ZAH,city,Briardene,ZA,UNLOCODE:2022-1
US IRS,city,Sturgis,US-MI,UNLOCODE:2022-1
NL HKM,city,Hijkersmilde,NL-DR,UNLOCODE:2022-1
US UXK,city,Neenah,US-WI,UNLOCODE:2022-1
CN HIN,city,Haining,CN-ZJ,UNLOCODE:2022-1
MG AMS,city,Amboasary Sud,MG-U,UNLOCODE:2022-1
AU LNH,city,Lake Nash,AU-NT,UNLOCODE:2022-1
BR RIF,city,Riacho Frio,BR-PI,UNLOCODE:2022-1
AT BKA,city,Bleiberg-Kreuth,AT-2,UNLOCODE:2022-1
ZA BET,city,Bethal,ZA-GP,UNLOCODE:2022-1
US MUP,city,Mount Prospect,US-IL,UNLOCODE:2022-1
FR 2DF,city,Monteils,FR-82,UNLOCODE:2022-1
DE 6SW,city,Schmedeswurth,DE-SH,UNLOCODE:2022-1
RU PSH,city,Pushkino,RU,UNLOCODE:2022-1
BR LNA,city,Ladainha,BR-MG,UNLOCODE:2022-1
US KAS,city,Gas,US-KS,UNLOCODE:2022-1
GB GLS,city,Glenrothes,GB-FIF,UNLOCODE:2022-1
AR SA2,city,Santo Tome,AR-S,UNLOCODE:2022-1
CA YPJ,city,Aupauluk,CA-QC,UNLOCODE:2022-1
GB BSR,city,Bransgore,GB-HAM,UNLOCODE:2022-1
US UIV,city,West Olive,US-MI,UNLOCODE:2022-1
US ZLM,city,Salem,US-UT,UNLOCODE:2022-1
IT CUA,city,Casapulla,IT-CE,UNLOCODE:2022-1
RU NAV,city,Navlya,RU-BRY,UNLOCODE:2022-1
AU FOD,city,Fountaindale,AU-NSW,UNLOCODE:2022-1
DE CUL,city,Clausthal,DE-NI,UNLOCODE:2022-1
DK SKD,city,Skovlund,DK-83,UNLOCODE:2022-1
US HZJ,city,Hopelawn,US-NJ,UNLOCODE:2022-1
CL CVJ,city,Paso Laurita Casas Viejas/Puerto Natales,CL-MA,UNLOCODE:2022-1
IT OGC,city,Oglianico,IT-TO,UNLOCODE:2022-1
US QNB,city,Mount Nebo,US-WV,UNLOCODE:2022-1
BE BLD,city,Blanden,BE-VBR,UNLOCODE:2022-1
HR MIL,city,Milna,HR,UNLOCODE:2022-1
US ZMT,city,Morton,US-TX,UNLOCODE:2022-1
AU BUO,city,Burton,AU-SA,UNLOCODE:2022-1
FR DRC,city,Drocourt,FR-62,UNLOCODE:2022-1
DE LYY,city,Bullay,DE-RP,UNLOCODE:2022-1
US KUP,city,Kulpsville,US-PA,UNLOCODE:2022-1
DE ZCD,city,Morschen,DE-HE,UNLOCODE:2022-1
FR BA3,city,Barsac,FR-26,UNLOCODE:2022-1
DE WLQ,city,Welden,DE-BY,UNLOCODE:2022-1
US LQW,city,Lakeview,US-CA,UNLOCODE:2022-1
RW BGA,city,Bugarama,RW-04,UNLOCODE:2022-1
DE EOZ,city,Bremsnitz,DE-TH,UNLOCODE:2022-1
FR BLA,city,Blainville-sur-l'Eau,FR-54,UNLOCODE:2022-1
ES FIG,city,Figaró,ES-B,UNLOCODE:2022-1
MX STU,city,Santiago Tulantepec,MX-HID,UNLOCODE:2022-1
ES VB3,city,Villabuena,ES-VI,UNLOCODE:2022-1
DE HUJ,city,Hübitz,DE-ST,UNLOCODE:2022-1
US 8AN,city,Winston,US-MT,UNLOCODE:2022-1
GB ABW,city,Barmouth (Abermaw),GB-GWN,UNLOCODE:2022-1
SE VIN,city,Vindeln,SE-BD,UNLOCODE:2022-1
GB OHI,city,Cross Hills,GB-NYK,UNLOCODE:2022-1
CZ OLV,city,Olovi,CZ,UNLOCODE:2022-1
US WY5,city,Newberry,US-IN,UNLOCODE:2022-1
CA SIM,city,Imperial,CA-SK,UNLOCODE:2022-1
SI OTO,city,Otocec,SI-085,UNLOCODE:2022-1
BE FER,city,Feneur,BE-WLG,UNLOCODE:2022-1
US BLL,city,Ballwin,US-MO,UNLOCODE:2022-1
FR LYA,city,Lury-sur-Arnon,FR-18,UNLOCODE:2022-1
CN LJT,city,Luojingtan,CN-HB,UNLOCODE:2022-1
FR 8TM,city,Saint-Menges,FR-08,UNLOCODE:2022-1
DE B69,city,Bovenau,DE-SH,UNLOCODE:2022-1
FR BCF,city,Bussac-Forêt,FR-17,UNLOCODE:2022-1
US FLS,city,Foley,US-FL,UNLOCODE:2022-1
FR EUM,city,Équemauville,FR-14,UNLOCODE:2022-1
PL ORO,city,Ornontowice,PL-24,UNLOCODE:2022-1
CA EYL,city,Haileybury,CA-ON,UNLOCODE:2022-1
CO EES,city,El Espino,CO,UNLOCODE:2022-1
FR AHU,city,Auberchicourt,FR-59,UNLOCODE:2022-1
BR FSL,city,Formosa do Sul,BR-SC,UNLOCODE:2022-1
MA 8FT,city,Tit Mellil,MA-MED,UNLOCODE:2022-1
CA BAC,city,Bon Accord,CA-AB,UNLOCODE:2022-1
GB RHY,city,Rhyl,GB-DEN,UNLOCODE:2022-1
US FKM,city,Frankenmuth,US-MI,UNLOCODE:2022-1
GB HGN,city,Hurst Green,GB-ESX,UNLOCODE:2022-1
ID KOE,city,"Kupang, Timor",ID,UNLOCODE:2022-1
DE ACE,city,Acht,DE-RP,UNLOCODE:2022-1
ES ZGX,city,Los Hueros,ES-M,UNLOCODE:2022-1
SK VKO,city,Vel'ké Kostol'any,SK,UNLOCODE:2022-1
IT ZCF,city,Adrano,IT-CT,UNLOCODE:2022-1
KR MAS,city,Masan,KR-48,UNLOCODE:2022-1
GB JGR,city,Juniper Green,GB-EDH,UNLOCODE:2022-1
FR L9O,city,Loches-sur-Ource,FR-10,UNLOCODE:2022-1
US PA6,city,Cowansville,US-PA,UNLOCODE:2022-1
CL HUL,city,Huepil,CL-BI,UNLOCODE:2022-1
DK HSS,city,Hasselager,DK,UNLOCODE:2022-1
CA YBM,city,Bronson Creek,CA-BC,UNLOCODE:2022-1
MX MRS,city,Moris,MX-CHH,UNLOCODE:2022-1
MY KKL,city,Kampung Kelang Lama,MY-02,UNLOCODE:2022-1
TR TRE,city,Tire,TR-35,UNLOCODE:2022-1
IN UMA,city,Umaria,IN-MP,UNLOCODE:2022-1
CN SQH,city,Shiquanhe,CN-XZ,UNLOCODE:2022-1
HK 9RP,city,Repulse Bay,HK,UNLOCODE:2022-1
CZ ATN,city,Asten,CZ,UNLOCODE:2022-1
US LOH,city,Lyoth,US-CA,UNLOCODE:2022-1
IR KNR,city,Kangan,IR,UNLOCODE:2022-1
FR EYU,city,Eyragues,FR-13,UNLOCODE:2022-1
FR SL8,city,Saint-Laurent-sur-Mer,FR-14,UNLOCODE:2022-1
IT MVH,city,Montevarchi,IT-AR,UNLOCODE:2022-1
GB KIR,city,Kirknewton,GB-NBL,UNLOCODE:2022-1
SE RVK,city,Rättvik,SE-W,UNLOCODE:2022-1
FR BAT,city,Batilly,FR-54,UNLOCODE:2022-1
CA YQW,city,North Battleford,CA-SK,UNLOCODE:2022-1
US ZER,city,Chester Center,US-MA,UNLOCODE:2022-1
DE TTL,city,Trusetal,DE-TH,UNLOCODE:2022-1
ES LA7,city,Lanaja,ES-HU,UNLOCODE:2022-1
IL RNP,city,Rishpon,IL-M,UNLOCODE:2022-1
FR ESV,city,Esvres,FR-37,UNLOCODE:2022-1
US D3X,city,Burlington,US-KS,UNLOCODE:2022-1
FR BCJ,city,Le Barcarès,FR-66,UNLOCODE:2022-1
RO PDR,city,Podari,RO-DJ,UNLOCODE:2022-1
FR S2C,city,Saint-Cyprien,FR-66,UNLOCODE:2022-1
DE ZBW,city,Bad Saarow,DE-BB,UNLOCODE:2022-1
ES ZDT,city,El Chorrillo,ES-GC,UNLOCODE:2022-1
BE IZE,city,Izenberge,BE-VWV,UNLOCODE:2022-1
AU GLS,city,Glossop,AU-SA,UNLOCODE:2022-1
SE FAN,city,Falun,SE-W,UNLOCODE:2022-1
US KLG,city,Kalskag,US-AK,UNLOCODE:2022-1
US KBT,city,Lake Benton,US-MN,UNLOCODE:2022-1
CZ SPJ,city,Svetlá pod Jestedem,CZ,UNLOCODE:2022-1
US 9WT,city,Wanette,US-OK,UNLOCODE:2022-1
NO BTH,city,Botnhamn,NO,UNLOCODE:2022-1
US SF6,city,Sanford,US-CA,UNLOCODE:2022-1
IT RM5,city,Roccaforte Mondovi,IT-CN,UNLOCODE:2022-1
CZ BNT,city,Bruntál,CZ,UNLOCODE:2022-1
BE HKN,city,Helkijn,BE-VWV,UNLOCODE:2022-1
FR VAF,city,Valence,FR-26,UNLOCODE:2022-1
KR KWA,city,Kwangyang,KR-49,UNLOCODE:2022-1
BR JPT,city,Japoatã,BR-SE,UNLOCODE:2022-1
CO UQN,city,Usaquen,CO-CUN,UNLOCODE:2022-1
AF BIN,city,Bamian,AF,UNLOCODE:2022-1
IT BSN,city,Busana,IT-RE,UNLOCODE:2022-1
DK SKY,city,Skibby,DK,UNLOCODE:2022-1
US AOG,city,Carlton,US-OR,UNLOCODE:2022-1
FR A4D,city,Lasbordes,FR-11,UNLOCODE:2022-1
CH MIT,city,Mitlödi,CH-GL,UNLOCODE:2022-1
ZA ZBB,city,Craighall,ZA,UNLOCODE:2022-1
BR SMX,city,Santana de Pirapama,BR-MG,UNLOCODE:2022-1
US PFN,city,Panama City,US-FL,UNLOCODE:2022-1
SK CNB,city,Cierny Brod,SK-TA,UNLOCODE:2022-1
GR KRL,city,Faliraki,GR-L,UNLOCODE:2022-1
DK TUR,city,Tureby,DK-85,UNLOCODE:2022-1
FR MGZ,city,Mésanger,FR-44,UNLOCODE:2022-1
RO TAR,city,Târgoviste,RO-DB,UNLOCODE:2022-1
BR CMX,city,Capanema,BR-PR,UNLOCODE:2022-1
FR OAR,city,Farges-lès-Mâcon,FR-71,UNLOCODE:2022-1
DE LHP,city,Langenhorn,DE-SH,UNLOCODE:2022-1
DM ADM,city,Anse du Mai,DM,UNLOCODE:2022-1
PG YEN,city,Yentchan,PG-ESW,UNLOCODE:2022-1
CA CLI,city,Clinton,CA-ON,UNLOCODE:2022-1
US WBQ,city,Beaver,US-AK,UNLOCODE:2022-1
RO ATI,city,Acatari,RO-MS,UNLOCODE:2022-1
AT PWE,city,Pichl bei Wels,AT,UNLOCODE:2022-1
FR VIM,city,Villeneuve-la-Garenne,FR-92,UNLOCODE:2022-1
TR SCN,city,Sincan,TR-06,UNLOCODE:2022-1
HU SBK,city,Szászberek,HU-JN,UNLOCODE:2022-1
NL GOI,city,Goirle,NL,UNLOCODE:2022-1
ES ZID,city,Montequinto,ES-LO,UNLOCODE:2022-1
ES M8R,city,Mora,ES-TO,UNLOCODE:2022-1
FR PVX,city,Pont-de-Vaux,FR-01,UNLOCODE:2022-1
AR ROY,city,Río Mayo,AR-U,UNLOCODE:2022-1
US UIS,city,Saint Louis,US-CA,UNLOCODE:2022-1
US BWA,city,Brookwood,US-AL,UNLOCODE:2022-1
SE STU,city,Stugsund,SE-X,UNLOCODE:2022-1
UZ SYA,city,Sary-Assiya,UZ,UNLOCODE:2022-1
CN ZGS,city,Zhangshan,CN-JS,UNLOCODE:2022-1
ES SN6,city,Sarrión,ES-TE,UNLOCODE:2022-1
US PTI,city,Pleasant Hill,US-MO,UNLOCODE:2022-1
FI UHI,city,Luoma-aho,FI-03,UNLOCODE:2022-1
NO SRD,city,Sigerfjord,NO-18,UNLOCODE:2022-1
FR LXW,city,La Negresse,FR-64,UNLOCODE:2022-1
US ABH,city,Auburn Hills,US-MI,UNLOCODE:2022-1
BE FCA,city,Focant,BE-WNA,UNLOCODE:2022-1
IT IMT,city,Masi Torello,IT-FE,UNLOCODE:2022-1
US ECE,city,Spencerville,US-OH,UNLOCODE:2022-1
IT MUA,city,Muzzano,IT-BI,UNLOCODE:2022-1
BR RIO,city,Rio de Janeiro,BR-RJ,UNLOCODE:2022-1
DE LHH,city,Langenhahn,DE-RP,UNLOCODE:2022-1
CN YYA,city,Yueyang,CN-HN,UNLOCODE:2022-1
FR ARD,city,Ardres,FR-62,UNLOCODE:2022-1
SK MHV,city,Mochovce,SK-NI,UNLOCODE:2022-1
TG ANE,city,Aného,TG,UNLOCODE:2022-1
US EIE,city,Bernie,US-MO,UNLOCODE:2022-1
US A8B,city,Abbot,US-ME,UNLOCODE:2022-1
SR NAM,city,Nieuw Amsterdam,SR-CM,UNLOCODE:2022-1
FR UAG,city,Bussang,FR-88,UNLOCODE:2022-1
IL MEN,city,Sha'ar Menashe,IL,UNLOCODE:2022-1
ES ZKX,city,Sant Bartolome de Tirajana,ES,UNLOCODE:2022-1
IT OLE,city,Oleggio,IT,UNLOCODE:2022-1
FR 7UY,city,Saunay,FR-37,UNLOCODE:2022-1
US TQM,city,Malta,US-IL,UNLOCODE:2022-1
BR BWW,city,Bom Sucesso do Sul,BR-PR,UNLOCODE:2022-1
PA VEL,city,Veladero,PA-4,UNLOCODE:2022-1
IS HRI,city,Hrisey,IS,UNLOCODE:2022-1
JP SEE,city,Sennan,JP-27,UNLOCODE:2022-1
IT FFR,city,Ferrania,IT-SV,UNLOCODE:2022-1
RS ADA,city,Ada,RS,UNLOCODE:2022-1
BR YPS,city,Ipueiras,BR-TO,UNLOCODE:2022-1
PL BED,city,Bedzino,PL,UNLOCODE:2022-1
BE OSH,city,Oostham,BE-VLI,UNLOCODE:2022-1
IT VL2,city,Vedano Al Lambro,IT-MB,UNLOCODE:2022-1
US S44,city,Scio,US-OR,UNLOCODE:2022-1
PG SPV,city,Sepik Plains,PG,UNLOCODE:2022-1
BR SSZ,city,Santos,BR-SP,UNLOCODE:2022-1
DE PMD,city,Pfreimd,DE-BY,UNLOCODE:2022-1
CH VA5,city,Vals,CH-GR,UNLOCODE:2022-1
IL GAT,city,Gat Rimmon,IL-M,UNLOCODE:2022-1
MX MSC,city,Mariscala,MX-OAX,UNLOCODE:2022-1
FR BID,city,Bidos,FR-64,UNLOCODE:2022-1
PL DWI,city,Dzwierzuty,PL-28,UNLOCODE:2022-1
US DHH,city,Durham,US-OR,UNLOCODE:2022-1
PL KNI,city,Karnice,PL-32,UNLOCODE:2022-1
NO ABE,city,Abelnes,NO,UNLOCODE:2022-1
CO GAR,city,Garagoa,CO,UNLOCODE:2022-1
GB NTY,city,Bentley,GB,UNLOCODE:2022-1
DE HSX,city,Harlesiel,DE-NI,UNLOCODE:2022-1
BE HLL,city,Halle,BE-VAN,UNLOCODE:2022-1
DE DR7,city,Drestedt,DE-NI,UNLOCODE:2022-1
ID PRB,city,Pasar Rebo,ID-JB,UNLOCODE:2022-1
DE BZM,city,Bubesheim,DE-BY,UNLOCODE:2022-1
CN CXI,city,Chuxiong,CN-YN,UNLOCODE:2022-1
BR BZI,city,Borrazópolis,BR-PR,UNLOCODE:2022-1
TR ECE,city,Eceabat,TR-17,UNLOCODE:2022-1
US RPA,city,Rolling Prairie,US-IN,UNLOCODE:2022-1
TH PBR,city,Pran Buri,TH-77,UNLOCODE:2022-1
LB NAM,city,Nahr Al Mawt,LB-JL,UNLOCODE:2022-1
US EUR,city,"Eureka, Saint Louis",US-MO,UNLOCODE:2022-1
US ZAO,city,Taintor,US-IA,UNLOCODE:2022-1
MY MKM,city,"Mukah, Sarawak",MY,UNLOCODE:2022-1
AT TUE,city,Türnitz,AT,UNLOCODE:2022-1
JP SWR,city,Sawara,JP-12,UNLOCODE:2022-1
PT SVT,city,Santa Vitória,PT-02,UNLOCODE:2022-1
IT GTF,city,Grottaferrata,IT-RM,UNLOCODE:2022-1
BR VOT,city,Votuporanga,BR-SP,UNLOCODE:2022-1
BR JMI,city,Jaramataia,BR-AL,UNLOCODE:2022-1
US ZT8,city,Center,US-ND,UNLOCODE:2022-1
FR L75,city,Saint-Martin-de-Nigelles,FR-28,UNLOCODE:2022-1
DE GLC,city,Gerlingen (Ense),DE-NW,UNLOCODE:2022-1
TR YEH,city,Yenimahalle,TR-06,UNLOCODE:2022-1
DE OSO,city,Oberschöna,DE-SN,UNLOCODE:2022-1
FI SAR,city,Finby (Särkisalo),FI-18,UNLOCODE:2022-1
BR IRQ,city,Iraquara,BR-BA,UNLOCODE:2022-1
US LUE,city,Louisville,US-CO,UNLOCODE:2022-1
US M7N,city,Merton,US-WI,UNLOCODE:2022-1
US CC6,city,Claycomo,US-MO,UNLOCODE:2022-1
US HQH,city,Highway Highlands,US-CA,UNLOCODE:2022-1
RU VSK,city,Vesyegonsk,RU-TVE,UNLOCODE:2022-1
AU MT9,city,Melton,AU-VIC,UNLOCODE:2022-1
PL RAC,city,Raciaz,PL,UNLOCODE:2022-1
FR SOK,city,Soucy,FR-89,UNLOCODE:2022-1
PL SKB,city,Skomielna Biala,PL-12,UNLOCODE:2022-1
PL PRW,city,Przywidz,PL-22,UNLOCODE:2022-1
FI RUI,city,Ruovesi,FI-11,UNLOCODE:2022-1
TR KTS,city,Kabatas,TR-63,UNLOCODE:2022-1
BR MPN,city,Macaparana,BR-PE,UNLOCODE:2022-1
BE BON,city,Bornem,BE-VAN,UNLOCODE:2022-1
BR SEQ,city,Santa Ernestina,BR-SP,UNLOCODE:2022-1
US DIH,city,Danville,US-KS,UNLOCODE:2022-1
NO VGY,city,Vågsøy,NO,UNLOCODE:2022-1
PA LJA,city,Lajamina,PA-7,UNLOCODE:2022-1
PL REL,city,Reszel,PL-28,UNLOCODE:2022-1
US HXI,city,Hewitt,US-TX,UNLOCODE:2022-1
CA BLL,city,Beloeil,CA-QC,UNLOCODE:2022-1
RS DES,city,Despotovo,RS-VO,UNLOCODE:2022-1
FR VGU,city,Valergues,FR-34,UNLOCODE:2022-1
US NXU,city,North White Plains,US-NY,UNLOCODE:2022-1
CN DIG,city,Diqing  Shangri-La,CN-YN,UNLOCODE:2022-1
DK TNO,city,Tunø,DK,UNLOCODE:2022-1
US AXB,city,Alexandria Bay,US-NY,UNLOCODE:2022-1
US VPI,city,Paoli,US-OK,UNLOCODE:2022-1
NL AMN,city,Almen,NL-GE,UNLOCODE:2022-1
FR MPF,city,La Pellerine,FR-53,UNLOCODE:2022-1
FR AAL,city,Avail,FR-36,UNLOCODE:2022-1
AT ERR,city,Dobermannsdorf,AT,UNLOCODE:2022-1
JP YSR,city,Yoshiura/Misumi,JP-32,UNLOCODE:2022-1
PL KKE,city,Krapkowice,PL,UNLOCODE:2022-1
AU 3CI,city,Rythdale,AU-VIC,UNLOCODE:2022-1
FR RUZ,city,Ruitz,FR-62,UNLOCODE:2022-1
BR UBT,city,Ubatuba,BR-SP,UNLOCODE:2022-1
CA PIW,city,Pikwitonei,CA-MB,UNLOCODE:2022-1
BE HRS,city,Herstal,BE-WLG,UNLOCODE:2022-1
FR LI3,city,Limésy,FR-76,UNLOCODE:2022-1
CA CLB,city,Colborne,CA-ON,UNLOCODE:2022-1
FR NJS,city,Saint-Désert,FR-71,UNLOCODE:2022-1
FR 2SN,city,Vimines,FR-73,UNLOCODE:2022-1
OM RMB,city,Buraimi,OM,UNLOCODE:2022-1
CZ PUA,city,Kuncina,CZ,UNLOCODE:2022-1
FR YRB,city,Bassussarry,FR-64,UNLOCODE:2022-1
NL ZIE,city,Zierikzee,NL,UNLOCODE:2022-1
HR DMH,city,Donji Miholjac,HR,UNLOCODE:2022-1
GB TNW,city,Stanway,GB-ESS,UNLOCODE:2022-1
GB AR9,city,Abercych,GB-PEM,UNLOCODE:2022-1
CA LGL,city,Legal,CA-AB,UNLOCODE:2022-1
PT LGP,city,"Lagoa, Island São Miguel",PT-20,UNLOCODE:2022-1
US JFJ,city,Jefferson Junction,US-WI,UNLOCODE:2022-1
GB POF,city,Pontefract,GB-WKF,UNLOCODE:2022-1
FR XD3,city,Villiers-sur-Marne,FR-52,UNLOCODE:2022-1
SE NOE,city,Norrtälje,SE-AB,UNLOCODE:2022-1
DE BOC,city,Bockhorst,DE-NW,UNLOCODE:2022-1
ES TYR,city,Poboleda,ES-T,UNLOCODE:2022-1
US ARD,city,Arlington,US-GA,UNLOCODE:2022-1
US FDK,city,Frederick,US-MD,UNLOCODE:2022-1
GB COV,city,Coverack,GB-CON,UNLOCODE:2022-1
IT GO3,city,Istia d'Ombrone,IT-GR,UNLOCODE:2022-1
US FMY,city,Fort Myers,US-FL,UNLOCODE:2022-1
US RNX,city,Ramona,US-CA,UNLOCODE:2022-1
ID TJB,city,Tanjungbalai,ID-KR,UNLOCODE:2022-1
DE W8B,city,Weilheim,DE-BW,UNLOCODE:2022-1
BE KHN,city,Kerkhove,BE-VWV,UNLOCODE:2022-1
MX XER,city,Xicotepec De Juarez,MX-PUE,UNLOCODE:2022-1
RU NFK,city,Neftekumsk,RU-STA,UNLOCODE:2022-1
DK ASS,city,Asnæs,DK,UNLOCODE:2022-1
BR JCZ,city,Jaci,BR-SP,UNLOCODE:2022-1
US WJR,city,Weimar,US-TX,UNLOCODE:2022-1
US PYT,city,Plymouth,US-CA,UNLOCODE:2022-1
FR ET7,city,Poupry,FR-28,UNLOCODE:2022-1
IT SMA,city,Santa Marinella,IT,UNLOCODE:2022-1
GB DWM,city,Downham,GB-CAM,UNLOCODE:2022-1
FR CUE,city,Cuers,FR-83,UNLOCODE:2022-1
CH WYG,city,Wynigen,CH-BE,UNLOCODE:2022-1
ES CCC,city,Casaseca de Las Chanas,ES,UNLOCODE:2022-1
SE KGR,city,Kungsör,SE-U,UNLOCODE:2022-1
GB DYC,city,Dyce,GB-ABE,UNLOCODE:2022-1
DE EMS,city,Emsbüren,DE-NI,UNLOCODE:2022-1
CA BYR,city,Bay Roberts,CA-NL,UNLOCODE:2022-1
CZ KEN,city,Krmelin,CZ,UNLOCODE:2022-1
IT GRU,city,Grumo Appula,IT,UNLOCODE:2022-1
IT EGV,city,Sant'Egidio alla Vibrata,IT-TE,UNLOCODE:2022-1
BR UOA,city,Uruoca,BR-CE,UNLOCODE:2022-1
NL FJA,city,Fonejacht,NL-FR,UNLOCODE:2022-1
ZW MPK,city,Milton Park,ZW-HA,UNLOCODE:2022-1
IT ZZY,city,Ceprano,IT-FR,UNLOCODE:2022-1
DE KAB,city,Kressbronn am Bodensee,DE-BW,UNLOCODE:2022-1
US QVA,city,Vale,US-SD,UNLOCODE:2022-1
IT BLT,city,Barletta,IT-BT,UNLOCODE:2022-1
US PAW,city,Pawtucket,US-RI,UNLOCODE:2022-1
US NJO,city,Norway,US-IA,UNLOCODE:2022-1
DE HEH,city,Heimenkirch,DE-BY,UNLOCODE:2022-1
BR CGZ,city,Campos dos Goytacazes,BR-RJ,UNLOCODE:2022-1
BR SYD,city,Sítio d'Abadia,BR-GO,UNLOCODE:2022-1
US K3S,city,Kismet,US-KS,UNLOCODE:2022-1
NL OBG,city,Oostburg,NL-ZE,UNLOCODE:2022-1
US W8K,city,Willisburg,US-KY,UNLOCODE:2022-1
AT ZEZ,city,Zell am Ziller,AT,UNLOCODE:2022-1
FR ORC,city,Orchies,FR-59,UNLOCODE:2022-1
FR AHG,city,Lachassagne,FR-69,UNLOCODE:2022-1
IT GVR,city,Gaverina Terme,IT-BG,UNLOCODE:2022-1
IL ASM,city,Ashdod Granaries,IL-D,UNLOCODE:2022-1
DE BYN,city,Bülstringen,DE-ST,UNLOCODE:2022-1
IL VDA,city,Ovda,IL,UNLOCODE:2022-1
US ULD,city,Ludlow,US-MS,UNLOCODE:2022-1
CH CTY,city,Courtelary,CH-BE,UNLOCODE:2022-1
BY SCH,city,Shchuchyn,BY-HR,UNLOCODE:2022-1
RU MMO,city,Mamonova,RU,UNLOCODE:2022-1
US ZNE,city,Newville,US-PA,UNLOCODE:2022-1
FR MO3,city,Montsoreau,FR,UNLOCODE:2022-1
NG KTU,city,Ketu,NG-LA,UNLOCODE:2022-1
FR SRM,city,Saint-Romain,FR-21,UNLOCODE:2022-1
US 3QW,city,Overgaard,US-AZ,UNLOCODE:2022-1
BR BOO,city,Bodocó,BR-PE,UNLOCODE:2022-1
FR RUA,city,Ruaudin,FR-72,UNLOCODE:2022-1
DE HHX,city,Hanhofen,DE-RP,UNLOCODE:2022-1
LU HOW,city,Howald,LU,UNLOCODE:2022-1
US ZKB,city,Kings Bay,US-GA,UNLOCODE:2022-1
CA ISL,city,Island Lake,CA-MB,UNLOCODE:2022-1
CA YNK,city,Nootka Sound,CA-BC,UNLOCODE:2022-1
CR VER,city,Veracruz,CR-A,UNLOCODE:2022-1
IT LCS,city,La Cassa,IT-TO,UNLOCODE:2022-1
US STD,city,Stafford,US-TX,UNLOCODE:2022-1
US BOA,city,Bon Air,US-AL,UNLOCODE:2022-1
GB ADL,city,Adlington,GB-LAN,UNLOCODE:2022-1
CW SMB,city,Sint Michielsbaai,CW,UNLOCODE:2022-1
IT STB,city,Maso Stabbio,IT,UNLOCODE:2022-1
US SQU,city,Seguin,US-TX,UNLOCODE:2022-1
FR PC6,city,Saint-Nicolas,FR-62,UNLOCODE:2022-1
DE KZC,city,Kanzach,DE-BW,UNLOCODE:2022-1
MY SRB,city,Seremban,MY-05,UNLOCODE:2022-1
NL VAA,city,Vaassen,NL,UNLOCODE:2022-1
DE OHO,city,Oberhochstadt,DE-RP,UNLOCODE:2022-1
CA NVL,city,Niverville,CA-MB,UNLOCODE:2022-1
CD RR3,city,Patra,CD-BC,UNLOCODE:2022-1
TR MRT,city,Merter,TR-34,UNLOCODE:2022-1
CO SRO,city,Santana Ramos,CO-CAQ,UNLOCODE:2022-1
AU FOT,city,Forster,AU-NSW,UNLOCODE:2022-1
DE MRE,city,Meerane,DE-SN,UNLOCODE:2022-1
US TVS,city,Trevose,US-PA,UNLOCODE:2022-1
IT SXD,city,San Stino di Livenza,IT-VE,UNLOCODE:2022-1
BR MHP,city,Morro do Chapéu do Piauí,BR-PI,UNLOCODE:2022-1
PH ORI,city,Orani,PH-BAN,UNLOCODE:2022-1
FR PFR,city,Ploufragan,FR-22,UNLOCODE:2022-1
ES LMQ,city,La Mata,ES-TO,UNLOCODE:2022-1
TH BKT,city,Buketa Customs House,TH-96,UNLOCODE:2022-1
DE HSY,city,Hasenthal,DE-TH,UNLOCODE:2022-1
FR GRG,city,Gradignan,FR-33,UNLOCODE:2022-1
CL LUN,city,La Unión,CL-LL,UNLOCODE:2022-1
IL DAR,city,Bnei Darom,IL,UNLOCODE:2022-1
IT LUS,city,Lusia,IT-RO,UNLOCODE:2022-1
JP FNZ,city,Funazu,JP-32,UNLOCODE:2022-1
FR VHF,city,Villefranche,FR,UNLOCODE:2022-1
FR WGE,city,Gruissan,FR-11,UNLOCODE:2022-1
JP OSO,city,"Ohshima, Miyazaki",JP-45,UNLOCODE:2022-1
NG OWE,city,Owerri,NG,UNLOCODE:2022-1
IT MO4,city,Montechiaro d'Asti,IT-AT,UNLOCODE:2022-1
US W4R,city,Warren,US-NJ,UNLOCODE:2022-1
PT FUA,city,Fundão,PT-05,UNLOCODE:2022-1
BN MUA,city,Muara,BN,UNLOCODE:2022-1
CA BYE,city,Heriot Bay,CA-BC,UNLOCODE:2022-1
GB PMD,city,Portmadoc,GB-GWN,UNLOCODE:2022-1
FR LLW,city,Villevallier,FR-89,UNLOCODE:2022-1
PH LGP,city,"Legaspi Apt, Luzon",PH,UNLOCODE:2022-1
FR QBU,city,Baizieux,FR-80,UNLOCODE:2022-1
US HZW,city,Hazelwood,US-MO,UNLOCODE:2022-1
CA SLI,city,Saint-Liboire,CA-QC,UNLOCODE:2022-1
RO GEI,city,Gheraesti,RO-NT,UNLOCODE:2022-1
IT CMK,city,Cappella Maggiore,IT-TV,UNLOCODE:2022-1
LT AUK,city,Aukstkiemiai,LT-21,UNLOCODE:2022-1
DE OHS,city,Oberhausen,DE-BY,UNLOCODE:2022-1
BR CNH,city,Carinhanha,BR-BA,UNLOCODE:2022-1
GB SWE,city,Swanage,GB-DOR,UNLOCODE:2022-1
BR RSI,city,Recursolândia,BR-TO,UNLOCODE:2022-1
IN JLW,city,Jhalawar,IN-RJ,UNLOCODE:2022-1
FR STN,city,Saint-Amarin,FR-68,UNLOCODE:2022-1
IT ANO,city,Aliano,IT-MT,UNLOCODE:2022-1
JP ADO,city,Ado,JP-37,UNLOCODE:2022-1
US EXT,city,Exeter,US-CA,UNLOCODE:2022-1
PL PSO,city,Pustków,PL,UNLOCODE:2022-1
LK BUT,city,Bulathsinhala,LK-1,UNLOCODE:2022-1
US PA2,city,Point Arena,US-CA,UNLOCODE:2022-1
US ZLW,city,Longmeadow,US-MA,UNLOCODE:2022-1
GB ODD,city,"Oddsta, Fetlar",GB-ZET,UNLOCODE:2022-1
BR BZO,city,Bozano,BR-RS,UNLOCODE:2022-1
RU KYI,city,Kolguyev Island,RU-NEN,UNLOCODE:2022-1
RO CLJ,city,Cluj-Napoca,RO,UNLOCODE:2022-1
NO MAT,city,Matre - Masfjorden,NO,UNLOCODE:2022-1
FR PAO,city,Porcieu-Amblagnieu,FR-38,UNLOCODE:2022-1
US BPT,city,Beaumont,US-TX,UNLOCODE:2022-1
US RML,city,Carmel,US-IN,UNLOCODE:2022-1
IT TRK,city,Montecastrilli,IT-TR,UNLOCODE:2022-1
CH RRC,city,Rorschach,CH-SG,UNLOCODE:2022-1
US LM7,city,Leamington,US-UT,UNLOCODE:2022-1
GH MAD,city,Madina,GH-AA,UNLOCODE:2022-1
US OV5,city,Oakland,US-PA,UNLOCODE:2022-1
US WXE,city,Winnie,US-TX,UNLOCODE:2022-1
GB PLA,city,Penllergaer,GB-SWA,UNLOCODE:2022-1
JP TOR,city,Toride,JP-08,UNLOCODE:2022-1
PL TWN,city,Tuszów Narodowy,PL,UNLOCODE:2022-1
IT ADI,city,Macchia d'Isernia,IT-IS,UNLOCODE:2022-1
DE LIW,city,Lindow,DE-BB,UNLOCODE:2022-1
UY CAN,city,Canelones,UY,UNLOCODE:2022-1
JP HAU,city,"Habu, Tokyo",JP-13,UNLOCODE:2022-1
SK ZKL,city,Zemianske Kostolany,SK-TC,UNLOCODE:2022-1
ES SVL,city,Cervello,ES-B,UNLOCODE:2022-1
IT AIR,city,Casier,IT-TV,UNLOCODE:2022-1
GB NTH,city,Northwich,GB-CHW,UNLOCODE:2022-1
NL HRA,city,Haaren,NL-NB,UNLOCODE:2022-1
GB CLM,city,Culkein/Drumbeg,GB-HLD,UNLOCODE:2022-1
BE BSO,city,Bon-Secours,BE-WHT,UNLOCODE:2022-1
US GWA,city,George,US-WA,UNLOCODE:2022-1
US ERZ,city,Erie,US-IL,UNLOCODE:2022-1
BE SHR,city,Schelderode,BE-VOV,UNLOCODE:2022-1
IT FSN,city,Frassinoro,IT-MO,UNLOCODE:2022-1
NL HNZ,city,Hengstdijk,NL-ZE,UNLOCODE:2022-1
US VWH,city,Worthington,US-PA,UNLOCODE:2022-1
ES A5D,city,Moreda de Álava,ES-VI,UNLOCODE:2022-1
CZ CTC,city,Cestice,CZ,UNLOCODE:2022-1
MH LOF,city,Loen,MH,UNLOCODE:2022-1
GB HOW,city,Holt,GB-WIL,UNLOCODE:2022-1
BG BEL,city,Belitsa,BG,UNLOCODE:2022-1
CN LWS,city,Laiwu,CN-SD,UNLOCODE:2022-1
GB LDC,city,Ladock,GB-CON,UNLOCODE:2022-1
KW MAM,city,Mina Alo Manti,KW,UNLOCODE:2022-1
DE 67G,city,Fargau,DE-SH,UNLOCODE:2022-1
KR MIP,city,Mipo/Ulsan,KR-31,UNLOCODE:2022-1
RS ZZP,city,Pozarevac,RS,UNLOCODE:2022-1
BE BFE,city,Braffe,BE-WHT,UNLOCODE:2022-1
US AWJ,city,Avinger,US-TX,UNLOCODE:2022-1
MX TTN,city,Tultilan,MX,UNLOCODE:2022-1
AU TQY,city,Torquay,AU-QLD,UNLOCODE:2022-1
FI MUL,city,Multia,FI-08,UNLOCODE:2022-1
SK ROZ,city,Roznava,SK-KI,UNLOCODE:2022-1
PL OKM,city,Okmiany,PL-02,UNLOCODE:2022-1
US PAJ,city,Saint Paul,US-AR,UNLOCODE:2022-1
US CFK,city,Cresco,US-IA,UNLOCODE:2022-1
SK 4PB,city,Prochot,SK-BC,UNLOCODE:2022-1
BR MRH,city,Maranhãozinho,BR-MA,UNLOCODE:2022-1
GB PCD,city,Pencader,GB-CMN,UNLOCODE:2022-1
US QUN,city,Quinton,US-OK,UNLOCODE:2022-1
FR MGG,city,Mesgrigny,FR-10,UNLOCODE:2022-1
BE SHE,city,Schendelbeke,BE-VOV,UNLOCODE:2022-1
FR ACB,city,Salles-Courbatiès,FR-12,UNLOCODE:2022-1
SE RBY,city,Ronnebyhamn,SE-K,UNLOCODE:2022-1
US WFV,city,Winfield,US-PA,UNLOCODE:2022-1
BR VNO,city,Vermelho Novo,BR-MG,UNLOCODE:2022-1
FR TAC,city,Teuillac,FR-33,UNLOCODE:2022-1
TR HAR,city,Haramidere,TR-34,UNLOCODE:2022-1
FR UZS,city,Chuzelles,FR-38,UNLOCODE:2022-1
ES PSC,city,Plasencia,ES,UNLOCODE:2022-1
IT TTG,city,Terzigno,IT-NA,UNLOCODE:2022-1
FR LJH,city,Le Juch,FR-29,UNLOCODE:2022-1
ZA BOG,city,Blouberg,ZA-NC,UNLOCODE:2022-1
HR KOV,city,Koprivnica,HR-06,UNLOCODE:2022-1
US POZ,city,Pooler,US-GA,UNLOCODE:2022-1
US BJH,city,Buchanan,US-VA,UNLOCODE:2022-1
AT TUL,city,Tulbing,AT-3,UNLOCODE:2022-1
DZ BLJ,city,Batna,DZ-05,UNLOCODE:2022-1
DE JHF,city,Handorf,DE-NW,UNLOCODE:2022-1
FR LV8,city,Louvigné-du-Désert,FR-35,UNLOCODE:2022-1
DE ERX,city,Biere,DE-ST,UNLOCODE:2022-1
BE SHO,city,Schalkhoven,BE-VLI,UNLOCODE:2022-1
BR PPN,city,Pontal do Paraná,BR-PR,UNLOCODE:2022-1
IT PCO,city,Percoto,IT,UNLOCODE:2022-1
IT NAR,city,Narni,IT-TR,UNLOCODE:2022-1
PL TWW,city,Tworków,PL-24,UNLOCODE:2022-1
US 8HI,city,Hill,US-NH,UNLOCODE:2022-1
PA AGD,city,Aguadulce,PA,UNLOCODE:2022-1
AU PKV,city,Parkville,AU-VIC,UNLOCODE:2022-1
IL ABB,city,Alonei Abba,IL-Z,UNLOCODE:2022-1
ID KAU,city,Kau,ID-MU,UNLOCODE:2022-1
BR SZA,city,Santa Luzia,BR-MA,UNLOCODE:2022-1
NO TRR,city,Leinstrand,NO,UNLOCODE:2022-1
GB ARS,city,Ardersier,GB-HLD,UNLOCODE:2022-1
US KVA,city,Kenova,US-WV,UNLOCODE:2022-1
FR P2A,city,Plaudren,FR-56,UNLOCODE:2022-1
DE HVF,city,Hövelhof,DE-NW,UNLOCODE:2022-1
ES FDP,city,Fuente de Pedro Naharro,ES-CU,UNLOCODE:2022-1
AR PML,city,Pérez Millán,AR-B,UNLOCODE:2022-1
IT LUC,city,Lucera,IT-FG,UNLOCODE:2022-1
CH VCC,city,Saint-Barthelemy,CH-VD,UNLOCODE:2022-1
BR MCB,city,Matriz de Camaragibe,BR-AL,UNLOCODE:2022-1
FR QAV,city,Saint-Avit,FR-40,UNLOCODE:2022-1
IT BTO,city,Bitonto,IT,UNLOCODE:2022-1
BR P5Z,city,Petrobrás 50 FPSO,BR-RJ,UNLOCODE:2022-1
GB LOU,city,Loughborough,GB-LEC,UNLOCODE:2022-1
GB AVC,city,Avoch,GB-HLD,UNLOCODE:2022-1
KZ ZAB,city,Kustanai,KZ,UNLOCODE:2022-1
US UGL,city,Sugar Loaf,US-NY,UNLOCODE:2022-1
VN QUT,city,Quang Tri,VN,UNLOCODE:2022-1
